trade_date,close,open,high,low
1990-12-23,109.13,104.3,109.13,99.98
1990-12-30,126.45,113.57,126.45,109.13
1991-01-06,131.44,126.56,131.44,126.48
1991-01-13,134.6,131.99,134.61,131.45
1991-01-20,134.24,134.11,135.19,133.65
1991-01-27,132.05,133.7,134.24,132.03
1991-02-03,129.51,131.46,131.55,129.45
1991-02-10,130.38,129.05,130.39,128.06
1991-02-17,132.53,130.92,132.53,130.39
1991-02-24,134.87,133.12,134.87,133.08
1991-03-03,132.53,134.37,134.87,132.47
1991-03-10,129.89,132.09,132.09,129.84
1991-03-17,125.17,129.3,129.89,125.08
1991-03-24,122.62,124.7,125.17,122.62
1991-03-31,120.19,122.12,122.62,120.11
1991-04-07,121.54,120.69,122.2,119.68
1991-04-14,119.21,121.11,121.11,119.15
1991-04-21,117.08,118.73,119.22,117.05
1991-04-28,115.56,116.63,117.08,114.52
1991-05-05,112.41,114.86,116.29,112.3
1991-05-12,108.53,111.65,112.41,108.53
1991-05-19,106.75,107.88,107.88,104.96
1991-05-26,110.08,107.76,110.08,106.71
1991-06-02,114.83,111.05,114.83,109.47
1991-06-09,120.47,115.9,120.47,114.89
1991-06-16,124.53,121.65,126.34,120.47
1991-06-23,130.86,125.63,130.86,123.54
1991-06-30,137.56,132.1,137.56,131.8
1991-07-07,135.96,136.64,138.62,134.19
1991-07-14,132.8,135.26,136.57,132.42
1991-07-21,136.7,133.9,138.54,131.87
1991-07-28,140.66,138.07,141.46,136.7
1991-08-04,146.68,141.22,146.68,140.81
1991-08-11,154.1,148.06,154.1,146.68
1991-08-18,161.6,155.34,161.6,154.1
1991-08-25,169.81,163.21,169.81,161.6
1991-09-01,178.43,171.51,178.43,169.81
1991-09-08,187.36,180.08,187.36,178.43
1991-09-15,187.79,189.1,190.98,185.01
1991-09-22,185.92,189.55,191.18,185.66
1991-09-29,181.82,185.0,185.92,181.19
1991-10-06,184.29,180.28,184.29,179.8
1991-10-13,192.85,185.95,192.88,185.41
1991-10-20,202.51,194.06,202.51,192.32
1991-10-27,211.86,204.53,211.97,202.51
1991-11-03,220.72,213.5,220.72,211.86
1991-11-10,231.22,222.77,231.22,220.79
1991-11-17,238.25,233.48,238.25,231.22
1991-11-24,248.53,240.04,248.53,238.25
1991-12-01,259.6,250.84,259.85,248.53
1991-12-08,269.35,261.78,269.35,259.67
1991-12-15,277.0,270.27,277.0,269.35
1991-12-22,282.83,277.53,282.83,277.0
1991-12-29,290.85,285.65,290.85,282.83
1992-01-05,296.52,291.71,296.52,290.85
1992-01-12,301.83,297.68,301.83,296.52
1992-01-19,307.38,302.83,307.38,302.0
1992-01-26,309.05,307.38,309.05,307.38
1992-02-02,313.24,311.6,313.24,309.05
1992-02-09,314.72,314.18,314.72,313.24
1992-02-16,319.68,315.55,319.68,314.72
1992-02-23,359.59,319.77,359.93,319.68
1992-03-01,364.66,361.11,364.67,357.07
1992-03-08,371.76,365.15,371.76,364.66
1992-03-15,376.38,372.26,377.57,371.88
1992-03-22,377.99,377.0,378.32,376.21
1992-03-29,380.77,378.61,380.79,377.45
1992-04-05,381.33,381.54,382.06,380.76
1992-04-12,382.03,381.97,382.88,381.2
1992-04-19,414.42,387.27,414.42,382.03
1992-04-26,414.4,417.19,421.55,394.6
1992-05-03,445.38,422.45,448.94,413.47
1992-05-10,468.11,454.86,468.42,439.96
1992-05-17,544.35,483.29,544.56,468.11
1992-05-24,1339.99,560.09,1349.71,544.35
1992-05-31,1234.71,1411.98,1429.01,823.36
1992-06-07,1105.76,1175.69,1249.58,1033.47
1992-06-14,1171.71,1092.07,1206.51,1079.65
1992-06-21,1171.94,1174.41,1186.59,1152.69
1992-06-28,1164.67,1173.68,1207.82,1144.46
1992-07-05,1189.16,1168.89,1215.13,1156.68
1992-07-12,1188.62,1197.76,1215.24,1166.45
1992-07-19,1125.56,1156.83,1214.83,1100.16
1992-07-26,1142.02,1100.6,1178.9,961.61
1992-08-02,1052.07,1169.42,1178.81,1032.54
1992-08-09,1005.23,1034.7,1060.36,983.22
1992-08-16,858.38,992.73,1006.64,627.36
1992-08-23,916.25,898.66,999.69,858.38
1992-08-30,848.2,888.95,920.85,825.01
1992-09-06,753.58,833.5,848.4,742.74
1992-09-13,776.29,745.69,789.18,595.42
1992-09-20,754.4,762.82,793.36,694.32
1992-09-27,729.79,740.97,760.13,708.5
1992-10-04,702.32,724.45,729.79,698.91
1992-10-11,660.29,676.47,702.32,640.22
1992-10-18,664.75,687.45,713.77,648.84
1992-10-25,559.73,643.8,667.46,524.07
1992-11-01,507.25,539.5,561.5,447.93
1992-11-08,457.05,471.18,508.81,455.73
1992-11-15,414.09,439.81,459.04,388.32
1992-11-22,401.44,402.02,415.64,386.85
1992-11-29,637.67,404.05,752.32,401.82
1992-12-06,807.02,682.08,841.02,637.67
1992-12-13,722.28,765.87,811.57,592.78
1992-12-20,698.13,704.23,748.19,663.17
1992-12-27,764.28,698.31,781.36,697.7
1993-01-03,780.39,764.79,784.03,754.54
1993-01-10,889.47,802.14,893.86,777.16
1993-01-17,1063.76,944.14,1099.83,901.47
1993-01-24,1100.31,1065.39,1109.59,984.74
1993-01-31,1198.48,1149.72,1198.48,1113.57
1993-02-07,1332.96,1250.16,1404.64,1222.18
1993-02-14,1458.76,1373.99,1528.51,1334.19
1993-02-21,1499.74,1526.1,1558.95,1441.07
1993-02-28,1339.88,1487.84,1527.13,1196.47
1993-03-07,1109.0,1328.22,1339.1,1026.18
1993-03-14,1236.37,1133.52,1325.49,1089.36
1993-03-21,1174.99,1226.48,1247.63,1155.1
1993-03-28,1039.76,1148.29,1179.05,913.74
1993-04-04,944.01,990.92,1010.54,915.59
1993-04-11,1243.02,945.58,1340.91,924.49
1993-04-18,1214.75,1254.62,1339.93,1180.88
1993-04-25,1260.25,1203.85,1295.76,1185.76
1993-05-02,1358.78,1298.92,1392.62,1282.54
1993-05-09,1199.81,1379.71,1380.5,1151.49
1993-05-16,1167.47,1216.72,1221.98,1107.66
1993-05-23,1143.97,1162.07,1178.54,1097.61
1993-05-30,972.77,1143.15,1143.15,942.21
1993-06-06,1004.3,975.05,1177.91,859.48
1993-06-13,1047.0,1006.26,1101.69,982.03
1993-06-20,1005.98,1046.07,1046.07,981.84
1993-06-27,1006.64,1003.98,1041.22,967.74
1993-07-04,986.98,1006.63,1043.05,980.05
1993-07-11,868.57,976.67,980.92,865.31
1993-07-18,846.87,855.5,870.05,828.55
1993-07-25,813.54,848.1,848.1,803.34
1993-08-01,881.07,810.07,901.12,777.73
1993-08-08,855.52,894.9,913.15,823.0
1993-08-15,947.26,866.65,947.78,861.19
1993-08-22,946.54,969.9,1042.47,937.99
1993-08-29,894.59,933.72,937.3,873.13
1993-09-05,922.7,901.09,926.11,884.51
1993-09-12,903.56,940.46,947.53,887.65
1993-09-19,881.41,895.62,903.24,865.61
1993-09-26,875.81,875.97,915.06,864.38
1993-10-03,890.27,876.61,909.84,876.39
1993-10-10,874.76,895.69,934.4,874.28
1993-10-17,856.92,873.94,879.61,848.53
1993-10-24,818.81,848.13,850.61,818.81
1993-10-31,814.74,792.78,834.79,774.54
1993-11-07,814.39,801.86,824.49,793.32
1993-11-14,865.97,833.26,868.91,819.09
1993-11-21,924.67,875.8,924.67,875.8
1993-11-28,965.39,924.67,1011.76,898.49
1993-12-05,980.67,968.44,993.74,956.34
1993-12-12,978.57,986.12,1044.85,957.65
1993-12-19,901.7,982.38,982.38,884.47
1993-12-26,834.39,823.77,852.63,750.46
1994-01-02,833.8,841.49,854.65,816.36
1994-01-09,879.64,833.9,879.64,832.69
1994-01-16,849.23,900.3,900.3,849.23
1994-01-23,812.88,859.28,859.28,802.61
1994-01-30,799.26,839.2,839.2,799.26
1994-02-06,797.88,770.25,797.88,750.61
1994-02-20,769.18,813.95,818.57,761.64
1994-02-27,787.45,769.94,787.67,749.31
1994-03-06,726.3,785.82,795.2,696.95
1994-03-13,717.36,720.5,741.13,669.87
1994-03-20,765.55,774.77,806.41,752.72
1994-03-27,719.06,755.86,757.55,714.92
1994-04-03,698.84,719.06,719.06,691.86
1994-04-10,678.86,698.84,700.11,674.87
1994-04-17,626.79,678.86,678.86,592.84
1994-04-24,566.07,612.37,615.13,536.33
1994-05-01,592.56,565.91,615.41,555.96
1994-05-08,585.8,591.39,620.76,575.45
1994-05-15,590.39,585.21,606.72,575.43
1994-05-22,594.22,589.98,597.68,577.09
1994-05-29,573.36,594.59,597.01,566.52
1994-06-05,548.75,572.95,572.95,541.66
1994-06-12,514.54,548.67,549.53,512.19
1994-06-19,527.85,514.54,528.14,487.37
1994-06-26,492.33,527.85,530.8,490.88
1994-07-03,458.37,491.8,491.8,457.58
1994-07-10,437.76,458.37,458.37,423.03
1994-07-17,413.93,437.76,440.55,413.03
1994-07-24,363.73,413.93,413.93,362.78
1994-07-31,333.92,355.58,391.83,325.92
1994-08-07,683.04,394.87,683.04,378.24
1994-08-14,689.66,720.48,768.53,597.56
1994-08-21,713.85,689.66,772.46,654.91
1994-08-28,707.41,681.32,733.76,669.47
1994-09-04,830.18,712.93,830.19,706.88
1994-09-11,962.53,830.18,1016.55,830.18
1994-09-18,978.99,962.53,1052.25,930.95
1994-09-25,867.65,944.26,974.22,866.37
1994-10-02,791.15,856.17,922.01,789.48
1994-10-09,738.03,791.11,791.11,547.26
1994-10-16,663.75,678.01,727.51,593.52
1994-10-23,712.71,663.75,746.56,615.84
1994-10-30,677.4,741.05,794.58,676.2
1994-11-06,666.78,648.24,722.39,643.63
1994-11-13,731.16,649.59,741.86,648.68
1994-11-20,698.81,735.19,739.46,685.69
1994-11-27,685.33,695.75,705.2,674.8
1994-12-04,677.91,683.83,689.96,671.04
1994-12-11,640.67,677.82,677.82,636.02
1994-12-18,680.23,640.52,693.59,620.46
1994-12-25,677.84,684.62,695.22,653.3
1995-01-01,647.87,684.81,688.52,642.29
1995-01-08,640.76,637.73,657.45,630.52
1995-01-15,597.84,637.52,637.52,593.87
1995-01-22,571.24,591.06,594.9,559.68
1995-01-29,562.59,571.24,571.24,547.39
1995-02-12,541.37,559.78,559.78,524.43
1995-02-19,533.76,541.37,552.35,532.67
1995-02-26,558.43,533.76,608.25,533.76
1995-03-05,577.22,584.02,590.88,544.06
1995-03-12,586.29,577.22,638.98,577.22
1995-03-19,593.52,596.65,599.8,568.64
1995-03-26,611.77,593.52,620.22,581.43
1995-04-02,646.91,619.35,647.77,615.45
1995-04-09,673.72,650.98,677.52,641.84
1995-04-16,640.04,673.7,680.73,627.02
1995-04-23,635.99,640.11,649.17,625.16
1995-04-30,579.93,637.82,637.82,548.75
1995-05-07,574.17,577.95,586.23,568.13
1995-05-14,584.84,573.12,593.26,564.86
1995-05-21,855.81,583.97,855.81,577.15
1995-05-28,727.62,919.75,926.41,672.35
1995-06-04,716.82,717.38,725.71,690.7
1995-06-11,702.62,716.69,722.2,675.79
1995-06-18,646.54,696.65,703.04,636.24
1995-06-25,650.14,637.57,653.92,634.91
1995-07-02,630.58,650.91,659.72,625.95
1995-07-09,666.78,623.13,666.78,610.74
1995-07-16,652.8,669.07,670.52,645.85
1995-07-23,693.56,651.95,723.37,651.67
1995-07-30,695.42,699.84,716.07,686.9
1995-08-06,709.8,699.6,733.0,688.65
1995-08-13,744.99,708.74,749.07,705.07
1995-08-20,757.43,759.12,788.28,749.67
1995-08-27,727.58,748.87,755.35,718.13
1995-09-03,728.84,724.11,741.53,711.17
1995-09-10,751.08,731.41,766.0,729.1
1995-09-17,755.93,756.68,792.04,749.97
1995-09-24,730.01,757.98,762.01,720.97
1995-10-01,722.43,730.0,730.0,699.11
1995-10-08,719.96,724.03,729.36,715.68
1995-10-15,702.98,717.99,720.22,693.81
1995-10-22,726.29,702.13,726.29,696.81
1995-10-29,722.37,729.77,765.22,718.42
1995-11-05,727.78,722.86,728.27,712.51
1995-11-12,708.75,729.03,736.9,700.86
1995-11-19,676.19,705.89,705.9,675.26
1995-11-26,659.37,671.8,679.39,654.08
1995-12-03,633.81,658.09,658.31,625.13
1995-12-10,636.78,632.72,641.68,627.06
1995-12-17,603.89,636.82,639.26,601.23
1995-12-24,594.24,600.66,606.64,590.92
1995-12-31,555.29,590.75,590.75,552.86
1996-01-07,536.37,550.25,561.37,530.79
1996-01-14,547.11,533.56,559.38,527.87
1996-01-21,523.5,545.05,554.85,512.82
1996-01-28,525.57,520.95,538.99,514.21
1996-02-04,536.04,526.2,538.05,525.47
1996-02-11,525.41,537.23,537.23,518.25
1996-02-18,552.93,525.41,553.76,522.18
1996-03-10,573.13,580.03,606.37,558.04
1996-03-17,562.39,574.19,575.45,556.41
1996-03-24,570.18,561.81,574.0,561.1
1996-03-31,556.39,570.76,572.7,549.7
1996-04-07,582.53,566.21,584.03,556.28
1996-04-14,586.96,583.63,593.7,576.62
1996-04-21,618.12,585.95,618.39,583.31
1996-04-28,707.61,624.93,714.69,609.99
1996-05-05,650.04,688.74,739.16,644.93
1996-05-12,661.47,648.23,682.53,648.04
1996-05-19,711.93,666.56,712.05,663.35
1996-05-26,639.8,719.19,725.16,630.42
1996-06-02,643.65,639.51,653.22,632.22
1996-06-09,727.34,643.96,739.44,636.46
1996-06-16,777.27,740.11,790.32,736.99
1996-06-23,796.11,779.71,814.2,748.56
1996-06-30,804.25,797.87,819.84,762.13
1996-07-07,785.38,800.91,801.05,753.64
1996-07-14,796.41,794.13,825.39,778.87
1996-07-21,856.93,794.88,857.08,780.15
1996-07-28,845.12,871.48,894.73,840.21
1996-08-04,838.88,846.19,865.5,814.89
1996-08-11,871.6,846.03,880.31,838.6
1996-08-18,853.87,880.13,894.86,838.42
1996-08-25,803.69,852.34,852.35,786.44
1996-09-01,809.94,789.15,809.97,766.7
1996-09-08,801.23,812.94,838.67,795.07
1996-09-15,779.07,798.6,799.98,752.68
1996-09-22,805.54,779.85,805.54,754.28
1996-09-29,875.52,812.94,875.52,812.31
1996-10-06,863.46,887.85,891.71,855.79
1996-10-13,909.89,866.07,912.01,852.83
1996-10-20,939.93,919.7,968.22,919.7
1996-10-27,1012.67,943.03,1020.97,943.02
1996-11-03,930.79,1001.23,1038.81,906.96
1996-11-10,919.67,931.0,950.36,896.88
1996-11-17,950.83,923.37,958.62,922.2
1996-11-24,951.83,952.73,1047.39,919.61
1996-12-01,1032.95,948.59,1037.16,938.81
1996-12-08,1212.89,1056.67,1220.31,1056.67
1996-12-15,1110.04,1227.48,1258.69,1108.29
1996-12-22,885.24,1005.01,1005.12,864.26
1996-12-29,922.35,900.32,927.1,855.85
1997-01-05,899.61,929.72,938.55,896.99
1997-01-12,918.4,890.98,918.51,871.78
1997-01-19,919.85,923.54,931.44,903.62
1997-01-26,953.92,922.47,954.3,922.06
1997-02-02,964.74,957.25,967.9,947.91
1997-02-23,1017.13,969.53,1017.32,870.18
1997-03-02,1040.27,1028.35,1040.33,1004.62
1997-03-09,1077.72,1044.61,1086.64,1043.93
1997-03-16,1125.8,1085.91,1131.73,1085.89
1997-03-23,1167.17,1138.28,1177.02,1116.59
1997-03-30,1202.67,1186.95,1228.24,1180.88
1997-04-06,1260.89,1210.02,1269.73,1210.0
1997-04-13,1278.53,1259.59,1299.74,1246.72
1997-04-20,1338.03,1293.98,1338.85,1293.98
1997-04-27,1364.97,1355.56,1386.52,1350.8
1997-05-04,1393.75,1372.26,1396.48,1335.76
1997-05-11,1467.23,1398.14,1504.26,1394.42
1997-05-18,1315.92,1490.78,1510.18,1287.07
1997-05-25,1254.27,1330.79,1389.6,1225.8
1997-06-01,1285.18,1268.59,1288.74,1213.24
1997-06-08,1275.3,1302.82,1369.51,1254.27
1997-06-15,1243.98,1275.25,1285.04,1154.97
1997-06-22,1291.2,1255.77,1292.32,1227.25
1997-06-29,1250.27,1313.24,1322.98,1246.93
1997-07-06,1159.34,1255.91,1261.57,1124.78
1997-07-13,1154.79,1161.71,1163.45,1066.04
1997-07-20,1209.86,1163.29,1210.44,1158.45
1997-07-27,1170.86,1215.84,1223.82,1158.14
1997-08-03,1192.83,1167.81,1194.03,1133.17
1997-08-10,1206.05,1196.25,1216.56,1161.63
1997-08-17,1143.06,1206.46,1206.76,1118.2
1997-08-24,1171.83,1139.61,1174.49,1116.15
1997-08-31,1221.06,1175.44,1223.07,1175.38
1997-09-07,1251.55,1224.18,1253.35,1215.92
1997-09-14,1208.7,1253.14,1264.49,1207.83
1997-09-21,1184.52,1205.9,1211.68,1162.24
1997-09-28,1109.63,1184.49,1185.1,1025.13
1997-10-05,1097.38,1106.34,1106.34,1079.34
1997-10-12,1130.79,1100.7,1140.94,1087.02
1997-10-19,1176.49,1136.43,1180.22,1105.7
1997-10-26,1178.31,1183.74,1203.02,1164.06
1997-11-02,1180.39,1183.65,1241.83,1158.74
1997-11-09,1195.14,1181.16,1203.09,1176.55
1997-11-16,1197.83,1199.37,1208.84,1157.29
1997-11-23,1158.56,1210.68,1213.23,1152.01
1997-11-30,1139.63,1150.42,1150.56,1114.14
1997-12-07,1136.2,1137.59,1144.22,1119.2
1997-12-14,1153.84,1140.55,1165.81,1136.58
1997-12-21,1160.77,1155.72,1174.81,1138.4
1997-12-28,1191.92,1162.68,1194.24,1153.44
1998-01-04,1194.1,1196.3,1198.97,1179.56
1998-01-11,1239.9,1200.95,1250.01,1200.22
1998-01-18,1213.96,1242.21,1246.65,1110.09
1998-01-25,1222.91,1215.41,1224.12,1194.38
1998-02-15,1245.91,1257.99,1262.62,1233.53
1998-02-22,1226.02,1246.8,1247.96,1223.93
1998-03-01,1206.53,1217.86,1217.86,1189.52
1998-03-08,1206.45,1196.74,1219.28,1182.61
1998-03-15,1184.96,1207.96,1210.53,1175.55
1998-03-22,1187.5,1186.19,1204.74,1179.44
1998-03-29,1223.57,1186.56,1223.93,1178.04
1998-04-05,1286.08,1230.94,1286.11,1228.3
1998-04-12,1311.51,1291.61,1328.79,1286.43
1998-04-19,1298.11,1319.94,1326.42,1291.08
1998-04-26,1315.17,1292.16,1340.25,1286.59
1998-05-03,1343.45,1314.35,1343.46,1303.48
1998-05-10,1357.6,1353.06,1357.6,1324.72
1998-05-17,1368.09,1367.24,1379.13,1342.73
1998-05-24,1375.82,1373.67,1379.89,1350.26
1998-05-31,1411.21,1380.13,1411.35,1376.2
1998-06-07,1408.61,1418.35,1422.98,1390.63
1998-06-14,1383.39,1411.96,1415.18,1346.07
1998-06-21,1392.88,1385.33,1392.88,1323.53
1998-06-28,1385.62,1400.47,1404.05,1376.41
1998-07-05,1335.12,1387.02,1387.19,1297.0
1998-07-12,1360.62,1339.26,1360.64,1307.91
1998-07-19,1314.71,1362.69,1363.0,1311.75
1998-07-26,1326.82,1311.06,1330.49,1278.3
1998-08-02,1316.92,1328.34,1328.73,1308.26
1998-08-09,1271.07,1315.13,1315.47,1267.92
1998-08-16,1168.03,1262.01,1262.03,1158.79
1998-08-23,1177.62,1152.67,1178.74,1043.02
1998-08-30,1129.72,1178.55,1190.88,1125.2
1998-09-06,1163.53,1117.97,1169.47,1072.42
1998-09-13,1218.01,1168.37,1225.14,1162.47
1998-09-20,1207.0,1219.32,1264.4,1199.58
1998-09-27,1221.58,1199.17,1233.79,1192.08
1998-10-04,1242.9,1224.27,1242.94,1217.65
1998-10-11,1236.93,1245.74,1246.6,1207.93
1998-10-18,1250.97,1239.57,1263.71,1227.86
1998-10-25,1217.43,1255.05,1256.76,1191.56
1998-11-01,1217.32,1215.56,1229.74,1195.24
1998-11-08,1259.77,1217.34,1267.39,1210.85
1998-11-15,1282.51,1263.96,1295.06,1263.96
1998-11-22,1275.37,1284.34,1300.15,1271.65
1998-11-29,1245.08,1275.9,1283.96,1242.57
1998-12-06,1219.2,1244.92,1251.87,1213.56
1998-12-13,1214.21,1234.76,1237.69,1194.07
1998-12-20,1155.92,1214.6,1214.67,1150.72
1998-12-27,1173.91,1153.66,1187.91,1150.39
1999-01-03,1146.7,1175.63,1179.0,1125.56
1999-01-10,1168.81,1144.89,1168.84,1104.5
1999-01-17,1137.31,1169.91,1174.43,1136.3
1999-01-24,1162.35,1135.09,1168.18,1126.71
1999-01-31,1134.67,1161.98,1162.44,1130.33
1999-02-07,1081.44,1131.65,1131.66,1079.22
1999-02-14,1090.09,1076.82,1090.17,1064.17
1999-03-07,1132.36,1092.14,1137.96,1084.16
1999-03-14,1158.7,1133.51,1158.71,1127.17
1999-03-21,1172.92,1161.49,1173.04,1147.57
1999-03-28,1161.12,1175.67,1179.65,1154.94
1999-04-04,1184.4,1160.58,1184.43,1150.82
1999-04-11,1205.14,1188.93,1210.1,1187.06
1999-04-18,1166.24,1205.32,1205.68,1162.31
1999-04-25,1140.0,1164.62,1173.53,1110.65
1999-05-02,1120.93,1139.65,1140.17,1087.79
1999-05-09,1120.74,1120.91,1131.49,1105.35
1999-05-16,1063.28,1107.37,1107.37,1060.5
1999-05-23,1168.72,1057.48,1170.14,1047.83
1999-05-30,1277.15,1173.13,1294.64,1164.89
1999-06-06,1285.58,1287.08,1330.28,1253.25
1999-06-13,1370.39,1287.46,1382.07,1285.15
1999-06-20,1498.91,1382.53,1516.13,1366.65
1999-06-27,1593.86,1506.83,1705.21,1503.4
1999-07-04,1613.53,1606.28,1756.18,1532.44
1999-07-11,1584.75,1627.25,1630.38,1504.37
1999-07-18,1519.74,1588.38,1589.9,1511.43
1999-07-25,1585.98,1500.45,1626.95,1471.51
1999-08-01,1601.46,1592.41,1615.75,1580.82
1999-08-08,1646.59,1607.06,1658.69,1601.84
1999-08-15,1571.9,1650.28,1651.63,1566.71
1999-08-22,1628.93,1568.9,1651.17,1546.84
1999-08-29,1633.9,1631.43,1655.14,1615.86
1999-09-05,1587.89,1635.55,1637.31,1572.42
1999-09-12,1659.93,1577.51,1695.64,1556.74
1999-09-19,1648.56,1664.51,1681.85,1636.48
1999-09-26,1619.33,1649.12,1651.54,1597.12
1999-10-03,1570.7,1624.46,1629.19,1567.72
1999-10-10,1534.52,1568.24,1568.38,1531.8
1999-10-17,1543.8,1529.22,1550.71,1494.94
1999-10-24,1497.46,1547.27,1549.37,1452.71
1999-10-31,1504.56,1499.14,1542.05,1465.14
1999-11-07,1465.23,1501.73,1506.99,1457.14
1999-11-14,1450.33,1464.49,1479.83,1436.74
1999-11-21,1468.47,1451.55,1498.08,1427.36
1999-11-28,1444.51,1468.22,1471.91,1439.94
1999-12-05,1437.23,1444.01,1447.81,1429.55
1999-12-12,1428.94,1436.8,1438.04,1413.45
1999-12-19,1419.55,1429.19,1461.9,1411.07
1999-12-26,1355.37,1416.5,1416.5,1352.1
2000-01-02,1366.58,1353.53,1368.25,1341.05
2000-01-09,1516.6,1368.69,1522.83,1361.21
2000-01-16,1408.85,1531.71,1547.71,1401.71
2000-01-23,1465.09,1408.99,1476.46,1402.66
2000-01-30,1535.0,1465.86,1536.35,1449.47
2000-02-20,1668.09,1591.44,1770.88,1583.58
2000-02-27,1631.58,1681.36,1697.01,1586.63
2000-03-05,1738.02,1639.8,1750.64,1639.7
2000-03-12,1705.05,1756.31,1762.83,1654.44
2000-03-19,1658.6,1706.77,1729.01,1596.07
2000-03-26,1730.5,1646.31,1770.26,1641.77
2000-04-02,1800.22,1736.7,1811.06,1736.7
2000-04-09,1819.9,1799.58,1822.62,1746.3
2000-04-16,1833.66,1826.61,1840.19,1785.33
2000-04-23,1841.06,1829.62,1858.27,1778.88
2000-04-30,1836.32,1844.69,1848.97,1797.71
2000-05-14,1720.61,1848.17,1852.9,1715.06
2000-05-21,1777.83,1722.63,1777.98,1695.53
2000-05-28,1879.62,1785.89,1890.69,1783.3
2000-06-04,1916.25,1885.55,1916.25,1868.61
2000-06-11,1900.79,1921.97,1940.22,1889.82
2000-06-18,1926.94,1896.43,1949.17,1884.62
2000-06-25,1939.63,1924.69,1939.63,1888.08
2000-07-02,1928.11,1946.7,1953.34,1924.47
2000-07-09,1932.79,1917.44,1932.83,1888.25
2000-07-16,1987.19,1938.84,1987.22,1932.95
2000-07-23,1996.34,1992.89,2004.46,1979.88
2000-07-30,2012.79,1998.24,2025.0,1982.88
2000-08-06,2026.36,2016.14,2041.28,2008.64
2000-08-13,2062.67,2025.18,2070.3,2017.9
2000-08-20,2090.18,2065.93,2097.32,2065.93
2000-08-27,2086.7,2095.38,2114.52,1980.35
2000-09-03,1999.86,2092.12,2108.1,1997.72
2000-09-10,1959.31,1994.88,2020.85,1923.6
2000-09-17,1978.43,1963.27,1995.32,1956.08
2000-09-24,1891.98,1979.53,1981.13,1888.09
2000-10-01,1910.16,1889.9,1917.06,1874.21
2000-10-15,1918.16,1912.08,1948.01,1897.24
2000-10-22,1947.45,1917.45,1947.47,1896.94
2000-10-29,1967.4,1952.96,1980.63,1945.53
2000-11-05,1981.63,1967.65,1992.86,1956.42
2000-11-12,2047.46,1983.07,2051.34,1982.75
2000-11-19,2093.24,2054.48,2104.7,2053.44
2000-11-26,2053.37,2092.59,2125.72,2045.51
2000-12-03,2081.84,2041.15,2082.9,2031.93
2000-12-10,2073.16,2084.48,2097.29,2060.73
2000-12-17,2039.36,2072.28,2072.48,2036.88
2000-12-24,2069.77,2038.45,2086.94,2024.29
2000-12-31,2073.48,2071.57,2079.76,2047.74
2001-01-07,2125.3,2077.08,2127.42,2074.88
2001-01-14,2104.75,2128.6,2131.98,2082.84
2001-01-21,2065.61,2097.09,2097.09,2007.71
2001-02-11,1956.97,2069.86,2072.55,1926.4
2001-02-18,1941.96,1958.65,1974.0,1911.87
2001-02-25,1936.35,1942.58,1980.39,1893.78
2001-03-04,1985.11,1940.77,1987.39,1935.55
2001-03-11,2011.66,1991.28,2015.5,1977.11
2001-03-18,2020.24,2013.31,2027.33,1992.17
2001-03-25,2053.54,2019.85,2093.95,2017.49
2001-04-01,2112.78,2052.05,2112.88,2052.05
2001-04-08,2108.61,2117.45,2129.83,2081.64
2001-04-15,2145.4,2108.97,2145.44,2100.97
2001-04-22,2152.34,2150.29,2179.74,2148.31
2001-04-29,2115.11,2150.34,2170.39,2102.82
2001-05-06,2119.18,2117.17,2122.5,2111.95
2001-05-13,2155.41,2119.9,2155.42,2119.89
2001-05-20,2203.37,2161.61,2205.01,2160.12
2001-05-27,2193.58,2207.78,2218.45,2175.28
2001-06-03,2219.59,2194.45,2223.26,2171.68
2001-06-10,2223.07,2223.91,2242.69,2211.75
2001-06-17,2210.97,2223.8,2245.43,2188.25
2001-06-24,2206.07,2211.89,2214.11,2157.12
2001-07-01,2218.03,2210.07,2237.52,2210.04
2001-07-08,2170.52,2220.42,2223.21,2168.78
2001-07-15,2161.34,2169.47,2192.52,2153.68
2001-07-22,2179.62,2176.34,2183.52,2121.28
2001-07-29,2065.73,2183.74,2185.86,2063.89
2001-08-05,1958.69,2056.76,2056.77,1909.3
2001-08-12,1955.04,1953.41,1956.4,1861.78
2001-08-19,1924.0,1956.92,1963.14,1909.67
2001-08-26,1886.8,1923.1,1947.4,1869.49
2001-09-02,1834.14,1881.31,1881.31,1795.57
2001-09-09,1808.84,1831.7,1888.9,1807.14
2001-09-16,1818.38,1790.21,1871.13,1774.83
2001-09-23,1807.02,1811.9,1836.79,1780.05
2001-09-30,1764.87,1804.89,1813.31,1750.76
2001-10-14,1691.33,1766.13,1773.8,1598.79
2001-10-21,1572.45,1692.17,1703.59,1550.91
2001-10-28,1677.88,1558.47,1744.92,1514.86
2001-11-04,1691.35,1678.72,1717.74,1655.89
2001-11-11,1630.36,1687.84,1688.31,1550.46
2001-11-18,1646.76,1631.8,1734.67,1598.11
2001-11-25,1712.56,1645.09,1721.97,1644.82
2001-12-02,1747.99,1710.13,1748.0,1696.0
2001-12-09,1745.41,1751.05,1776.02,1737.06
2001-12-16,1675.51,1743.62,1748.97,1673.32
2001-12-23,1640.14,1673.24,1693.18,1624.5
2001-12-30,1639.48,1639.52,1644.41,1593.03
2002-01-06,1611.39,1641.43,1649.8,1608.83
2002-01-13,1535.59,1605.74,1607.72,1523.66
2002-01-20,1415.44,1519.93,1519.93,1376.89
2002-01-27,1451.48,1407.0,1478.54,1346.17
2002-02-03,1485.77,1444.5,1507.64,1339.2
2002-02-10,1506.62,1485.68,1530.13,1476.13
2002-03-03,1502.54,1540.49,1544.92,1501.56
2002-03-10,1640.26,1497.83,1645.29,1494.83
2002-03-17,1620.98,1643.59,1676.51,1620.56
2002-03-24,1669.69,1641.43,1693.87,1610.99
2002-03-31,1603.9,1667.85,1677.05,1596.25
2002-04-07,1634.64,1598.03,1657.09,1575.97
2002-04-14,1658.98,1633.83,1680.3,1631.07
2002-04-21,1635.17,1660.57,1664.52,1603.96
2002-04-28,1640.59,1633.64,1643.15,1603.64
2002-05-05,1667.75,1643.55,1673.75,1640.56
2002-05-12,1638.2,1669.87,1670.92,1636.86
2002-05-19,1567.5,1634.9,1634.92,1540.58
2002-05-26,1549.47,1564.97,1599.11,1529.35
2002-06-02,1515.73,1555.04,1569.41,1506.54
2002-06-09,1529.51,1510.25,1540.83,1455.31
2002-06-16,1494.25,1529.34,1534.38,1493.24
2002-06-23,1562.72,1489.13,1564.92,1481.25
2002-06-30,1732.76,1704.7,1748.89,1647.5
2002-07-07,1722.19,1736.29,1740.38,1698.83
2002-07-14,1698.3,1723.58,1741.92,1689.22
2002-07-21,1713.86,1696.81,1714.09,1680.2
2002-07-28,1657.5,1712.02,1712.33,1656.82
2002-08-04,1661.87,1654.92,1672.12,1639.22
2002-08-11,1647.05,1661.4,1679.81,1642.77
2002-08-18,1646.79,1642.48,1652.98,1624.05
2002-08-25,1683.21,1645.93,1696.28,1641.4
2002-09-01,1666.62,1682.14,1683.51,1664.82
2002-09-08,1631.38,1666.34,1680.28,1629.93
2002-09-15,1625.76,1628.45,1631.66,1605.98
2002-09-22,1604.91,1624.13,1624.14,1585.07
2002-09-29,1581.62,1602.28,1604.3,1577.53
2002-10-13,1524.05,1577.05,1577.05,1521.91
2002-10-20,1519.54,1522.87,1548.53,1500.54
2002-10-27,1520.31,1519.2,1553.87,1512.33
2002-11-03,1510.76,1518.09,1521.87,1488.68
2002-11-10,1522.19,1516.22,1573.1,1515.07
2002-11-17,1463.69,1519.6,1526.13,1451.39
2002-11-24,1395.5,1463.72,1468.33,1375.54
2002-12-01,1434.18,1393.34,1450.19,1353.14
2002-12-08,1405.53,1432.03,1432.9,1388.51
2002-12-15,1396.9,1404.51,1410.79,1367.31
2002-12-22,1427.94,1397.72,1431.36,1392.89
2002-12-29,1382.97,1429.95,1439.85,1367.85
2003-01-05,1319.87,1379.74,1379.75,1312.8
2003-01-12,1384.86,1319.69,1411.37,1311.68
2003-01-19,1478.67,1381.87,1492.72,1378.65
2003-01-26,1479.07,1475.71,1489.55,1446.35
2003-02-02,1499.82,1481.61,1508.59,1480.97
2003-02-16,1510.95,1499.17,1519.29,1476.87
2003-02-23,1478.87,1510.64,1517.77,1476.41
2003-03-02,1511.93,1476.07,1524.75,1474.47
2003-03-09,1493.09,1511.59,1529.75,1489.38
2003-03-16,1466.04,1492.21,1496.16,1458.5
2003-03-23,1474.66,1465.14,1478.99,1452.59
2003-03-30,1491.94,1474.59,1508.26,1447.01
2003-04-06,1521.13,1491.39,1525.77,1490.99
2003-04-13,1576.86,1521.9,1581.7,1510.34
2003-04-20,1603.08,1581.38,1649.6,1581.2
2003-04-27,1487.15,1598.5,1598.58,1481.07
2003-05-04,1521.44,1483.47,1539.57,1473.27
2003-05-18,1554.45,1522.98,1560.72,1477.25
2003-05-25,1560.95,1557.29,1571.69,1522.19
2003-06-01,1576.26,1563.2,1581.61,1543.34
2003-06-08,1538.92,1577.99,1582.41,1538.1
2003-06-15,1566.77,1536.27,1572.41,1527.84
2003-06-22,1529.47,1568.19,1569.55,1528.3
2003-06-29,1497.05,1524.58,1524.91,1486.08
2003-07-06,1502.35,1493.69,1510.17,1477.87
2003-07-13,1528.85,1500.85,1535.97,1490.97
2003-07-20,1507.16,1528.39,1540.19,1506.49
2003-07-27,1477.65,1501.39,1510.31,1471.29
2003-08-03,1476.97,1474.74,1483.07,1464.87
2003-08-10,1471.27,1476.82,1497.1,1468.44
2003-08-17,1450.2,1469.26,1484.59,1447.11
2003-08-24,1438.88,1449.67,1453.45,1432.75
2003-08-31,1421.98,1434.21,1434.21,1406.68
2003-09-07,1431.53,1423.35,1456.55,1420.12
2003-09-14,1409.16,1429.46,1429.71,1407.95
2003-09-21,1391.37,1407.81,1416.08,1383.4
2003-09-28,1370.84,1392.9,1396.94,1367.75
2003-10-05,1367.16,1369.44,1371.07,1348.22
2003-10-12,1404.01,1366.2,1406.0,1359.5
2003-10-19,1370.58,1405.33,1411.88,1362.41
2003-10-26,1381.83,1369.71,1407.39,1350.21
2003-11-02,1348.3,1381.84,1383.6,1334.78
2003-11-09,1335.2,1346.48,1412.91,1323.12
2003-11-16,1331.05,1330.96,1350.39,1307.39
2003-11-23,1361.56,1330.49,1394.57,1312.56
2003-11-30,1397.22,1360.33,1423.58,1360.23
2003-12-07,1451.12,1398.71,1462.07,1398.71
2003-12-14,1470.79,1452.11,1475.38,1429.06
2003-12-21,1446.29,1471.24,1480.43,1429.71
2003-12-28,1514.78,1444.17,1525.3,1441.59
2004-01-04,1517.19,1509.28,1526.24,1491.25
2004-01-11,1581.47,1516.8,1618.76,1516.7
2004-01-18,1600.42,1579.88,1627.49,1573.77
2004-02-01,1590.73,1605.25,1634.41,1589.4
2004-02-08,1679.19,1630.65,1705.91,1585.96
2004-02-15,1658.54,1679.58,1715.46,1653.24
2004-02-22,1721.75,1661.45,1728.02,1661.45
2004-02-29,1675.07,1725.59,1730.28,1628.84
2004-03-07,1662.1,1676.22,1694.82,1642.62
2004-03-14,1694.74,1660.64,1699.25,1634.71
2004-03-21,1747.87,1696.94,1755.1,1696.82
2004-03-28,1734.05,1749.71,1760.08,1720.88
2004-04-04,1768.64,1734.59,1771.67,1711.66
2004-04-11,1727.35,1771.74,1783.01,1721.59
2004-04-18,1693.86,1717.2,1734.92,1656.3
2004-04-25,1635.5,1695.33,1698.69,1632.56
2004-05-02,1595.59,1633.27,1644.5,1572.23
2004-05-16,1562.69,1600.63,1606.07,1545.63
2004-05-23,1558.33,1556.67,1575.38,1526.24
2004-05-30,1548.72,1559.55,1562.33,1508.64
2004-06-06,1542.09,1549.03,1580.57,1534.99
2004-06-13,1472.07,1538.46,1538.5,1456.32
2004-06-20,1427.3,1471.45,1491.69,1411.03
2004-06-27,1401.11,1421.83,1456.13,1399.39
2004-07-04,1441.19,1396.36,1447.61,1376.22
2004-07-11,1430.65,1440.17,1466.78,1426.95
2004-07-18,1456.13,1426.25,1458.38,1378.91
2004-07-25,1407.4,1456.77,1465.84,1387.26
2004-08-01,1386.2,1401.84,1409.12,1366.5
2004-08-08,1390.46,1381.88,1424.55,1363.69
2004-08-15,1368.45,1388.08,1404.72,1357.08
2004-08-22,1341.74,1366.52,1371.23,1327.77
2004-08-29,1320.61,1339.93,1347.15,1314.6
2004-09-05,1327.12,1318.32,1360.75,1303.19
2004-09-12,1287.08,1326.46,1326.87,1270.94
2004-09-19,1414.7,1285.32,1415.64,1259.43
2004-09-26,1435.56,1423.97,1496.21,1408.61
2004-10-03,1396.7,1452.51,1466.4,1390.68
2004-10-10,1422.93,1395.67,1423.2,1373.93
2004-10-17,1330.52,1424.22,1437.57,1312.55
2004-10-24,1329.36,1332.52,1361.81,1294.04
2004-10-31,1320.54,1337.25,1356.63,1289.87
2004-11-07,1305.13,1317.66,1338.26,1290.99
2004-11-14,1352.22,1303.52,1379.86,1292.91
2004-11-21,1379.96,1354.48,1380.08,1350.52
2004-11-28,1356.73,1381.58,1387.34,1348.41
2004-12-05,1337.2,1354.58,1354.58,1324.55
2004-12-12,1317.72,1337.81,1352.45,1316.64
2004-12-19,1290.49,1312.61,1317.82,1288.24
2004-12-26,1285.04,1286.07,1308.59,1271.03
2005-01-02,1266.5,1285.41,1292.31,1264.15
2005-01-09,1244.75,1260.78,1260.78,1234.24
2005-01-16,1245.62,1243.58,1268.86,1236.09
2005-01-23,1234.48,1235.57,1237.91,1189.21
2005-01-30,1213.67,1258.02,1265.95,1208.86
2005-02-06,1269.0,1210.76,1274.12,1187.26
2005-02-20,1258.97,1276.02,1291.46,1258.56
2005-02-27,1312.44,1259.53,1328.53,1259.51
2005-03-06,1287.71,1311.44,1316.72,1276.88
2005-03-13,1289.94,1288.41,1326.08,1278.15
2005-03-20,1227.4,1288.98,1304.11,1223.62
2005-03-27,1205.63,1226.14,1232.82,1187.58
2005-04-03,1223.57,1204.85,1237.8,1162.03
2005-04-10,1248.52,1212.12,1249.2,1183.91
2005-04-17,1216.96,1248.15,1254.32,1213.2
2005-04-24,1169.19,1212.39,1212.39,1163.4
2005-05-01,1159.15,1166.34,1172.71,1135.73
2005-05-15,1107.63,1160.62,1165.39,1093.28
2005-05-22,1099.27,1105.4,1108.84,1082.14
2005-05-29,1051.95,1095.31,1095.31,1050.06
2005-06-05,1013.64,1049.72,1070.5,1000.52
2005-06-12,1108.29,1010.38,1146.42,998.23
2005-06-19,1085.61,1105.96,1119.68,1064.03
2005-06-26,1101.88,1087.85,1115.86,1073.41
2005-07-03,1055.59,1108.46,1129.96,1053.63
2005-07-10,1017.98,1050.24,1050.24,1015.4
2005-07-17,1026.12,1026.79,1049.88,1004.08
2005-07-24,1046.32,1023.38,1054.63,1004.66
2005-07-31,1083.03,1045.27,1097.63,1040.59
2005-08-07,1128.74,1082.8,1129.07,1081.12
2005-08-14,1167.91,1131.8,1192.05,1130.59
2005-08-21,1150.18,1167.03,1201.76,1132.87
2005-08-28,1171.86,1148.97,1174.54,1139.24
2005-09-04,1188.85,1172.0,1188.91,1140.1
2005-09-11,1189.62,1189.07,1204.46,1168.58
2005-09-18,1212.95,1189.75,1218.94,1181.43
2005-09-25,1151.98,1213.49,1223.57,1147.19
2005-10-02,1155.61,1150.93,1158.7,1129.05
2005-10-16,1139.55,1153.67,1165.67,1133.89
2005-10-23,1141.32,1138.38,1150.59,1119.38
2005-10-30,1080.87,1141.33,1143.46,1067.41
2005-11-06,1100.05,1079.04,1111.44,1074.3
2005-11-13,1090.19,1099.53,1117.06,1078.58
2005-11-20,1117.0,1089.56,1122.61,1075.43
2005-11-27,1114.92,1117.78,1122.88,1093.95
2005-12-04,1094.29,1113.83,1119.35,1089.56
2005-12-11,1113.48,1093.1,1114.58,1074.01
2005-12-18,1127.51,1115.75,1134.85,1106.75
2005-12-25,1144.87,1127.84,1144.94,1123.5
2006-01-01,1161.06,1145.77,1173.06,1145.34
2006-01-08,1209.42,1163.88,1215.54,1161.91
2006-01-15,1221.46,1210.32,1231.22,1203.65
2006-01-22,1255.31,1221.11,1258.7,1198.84
2006-01-29,1258.05,1254.78,1262.09,1244.27
2006-02-05,1258.05,1251.27,1260.17,1245.92
2006-02-12,1282.66,1263.0,1297.4,1263.0
2006-02-19,1267.41,1283.78,1300.99,1265.14
2006-02-26,1296.87,1268.11,1297.94,1256.81
2006-03-05,1293.3,1297.69,1308.2,1275.62
2006-03-12,1245.65,1292.75,1296.85,1238.16
2006-03-19,1269.46,1245.3,1277.19,1245.3
2006-03-26,1294.7,1269.58,1308.06,1264.41
2006-04-02,1298.3,1296.07,1313.12,1283.68
2006-04-09,1342.96,1298.68,1348.52,1298.68
2006-04-16,1359.54,1344.24,1366.52,1328.43
2006-04-23,1416.79,1360.64,1419.89,1353.4
2006-04-30,1440.22,1423.41,1444.71,1386.13
2006-05-14,1602.83,1446.99,1603.21,1446.99
2006-05-21,1659.55,1616.26,1678.6,1582.96
2006-05-28,1613.89,1656.75,1674.22,1562.39
2006-06-04,1669.4,1622.11,1695.58,1609.01
2006-06-11,1551.38,1669.24,1692.83,1540.93
2006-06-18,1574.47,1540.22,1574.47,1512.52
2006-06-25,1605.71,1559.98,1617.71,1544.93
2006-07-02,1672.21,1607.79,1690.95,1607.79
2006-07-09,1730.19,1677.31,1757.47,1670.02
2006-07-16,1665.21,1730.7,1753.28,1633.9
2006-07-23,1665.33,1662.05,1684.67,1636.26
2006-07-30,1662.03,1648.75,1701.61,1632.69
2006-08-06,1570.15,1659.54,1659.54,1567.25
2006-08-13,1605.93,1561.8,1610.76,1541.41
2006-08-20,1598.02,1605.2,1616.45,1564.4
2006-08-27,1623.03,1565.46,1630.05,1558.1
2006-09-03,1636.69,1627.12,1667.53,1624.28
2006-09-10,1667.98,1635.33,1683.89,1635.12
2006-09-17,1721.05,1668.16,1722.66,1653.01
2006-09-24,1725.36,1727.91,1746.62,1719.16
2006-10-01,1752.42,1722.74,1755.69,1704.77
2006-10-15,1784.66,1768.14,1793.14,1763.11
2006-10-22,1790.36,1787.7,1801.33,1758.31
2006-10-29,1807.17,1789.64,1842.73,1753.49
2006-11-05,1866.36,1804.37,1873.66,1788.29
2006-11-12,1883.35,1853.19,1920.18,1846.01
2006-11-19,1971.79,1878.7,1976.05,1841.82
2006-11-26,2050.81,1977.53,2071.24,1977.53
2006-12-03,2102.05,2042.19,2112.58,1992.54
2006-12-10,2093.64,2103.82,2206.51,2090.4
2006-12-17,2273.91,2085.06,2275.49,2084.27
2006-12-24,2343.67,2277.28,2386.82,2277.28
2006-12-31,2675.47,2350.13,2698.9,2350.13
2007-01-07,2641.33,2728.19,2847.61,2617.02
2007-01-14,2668.11,2621.07,2841.74,2620.62
2007-01-21,2832.21,2660.07,2870.42,2658.88
2007-01-28,2882.56,2857.9,2994.28,2720.83
2007-02-04,2673.21,2897.25,2980.51,2666.86
2007-02-11,2730.39,2658.07,2751.16,2541.53
2007-02-18,2998.47,2729.84,3036.35,2728.78
2007-03-04,2831.53,2999.09,3049.77,2732.88
2007-03-11,2937.91,2827.68,2962.42,2723.07
2007-03-18,2930.48,2945.92,2979.71,2868.81
2007-03-25,3074.29,2864.26,3099.82,2852.86
2007-04-01,3183.98,3083.94,3273.73,3052.08
2007-04-08,3323.59,3196.59,3334.22,3196.59
2007-04-15,3518.27,3333.42,3563.86,3333.26
2007-04-22,3584.2,3523.22,3623.87,3358.93
2007-04-29,3759.87,3615.79,3802.92,3615.79
2007-05-06,3841.27,3784.27,3851.35,3759.48
2007-05-13,4021.68,3937.94,4072.14,3875.38
2007-05-20,4030.26,3970.66,4081.43,3845.23
2007-05-27,4179.78,3902.35,4208.39,3892.97
2007-06-03,4000.74,4221.58,4335.96,3858.04
2007-06-10,3913.14,3981.82,3987.27,3404.15
2007-06-17,4132.87,3942.01,4193.45,3910.0
2007-06-24,4091.45,4195.39,4312.0,4024.49
2007-07-01,3820.7,4102.79,4131.13,3779.81
2007-07-08,3781.35,3800.23,3916.47,3563.54
2007-07-15,3914.39,3809.67,3935.51,3782.73
2007-07-22,4058.85,3920.65,4062.12,3767.22
2007-07-29,4345.36,4091.24,4371.51,4091.24
2007-08-05,4560.77,4348.61,4562.69,4284.87
2007-08-12,4749.37,4600.12,4769.62,4564.31
2007-08-19,4656.57,4768.62,4916.31,4646.43
2007-08-26,5107.67,4773.83,5125.36,4758.4
2007-09-02,5218.82,5144.82,5235.16,5058.45
2007-09-09,5277.18,5257.78,5412.32,5223.67
2007-09-16,5312.18,5208.32,5395.04,5025.34
2007-09-23,5454.67,5309.06,5489.07,5307.77
2007-09-30,5552.3,5469.84,5560.42,5306.82
2007-10-14,5903.26,5683.31,5959.36,5620.0
2007-10-21,5818.05,5934.77,6124.04,5766.86
2007-10-28,5589.63,5742.79,5906.69,5462.01
2007-11-04,5777.81,5641.98,6005.13,5617.98
2007-11-11,5315.54,5748.18,5787.23,5217.63
2007-11-18,5316.27,5181.18,5453.74,5032.58
2007-11-25,5032.13,5325.3,5344.93,4896.99
2007-12-02,4871.78,5102.53,5124.89,4778.73
2007-12-09,5091.76,4838.56,5096.8,4798.01
2007-12-16,5007.91,5010.83,5209.7,4860.16
2007-12-23,5101.78,5007.28,5112.39,4812.16
2007-12-30,5261.56,5132.91,5336.5,5104.65
2008-01-06,5361.57,5265.0,5372.46,5201.89
2008-01-13,5484.68,5357.45,5500.06,5332.6
2008-01-20,5180.51,5507.58,5522.78,5039.79
2008-01-27,4761.69,5188.8,5200.93,4510.5
2008-02-03,4320.77,4720.56,4720.56,4195.75
2008-02-10,4599.7,4415.02,4672.21,4415.02
2008-02-17,4497.13,4525.03,4576.98,4431.46
2008-02-24,4370.28,4546.75,4695.8,4333.03
2008-03-02,4348.54,4370.19,4391.33,4123.31
2008-03-09,4300.52,4323.7,4472.15,4210.96
2008-03-16,3962.67,4265.61,4272.98,3891.7
2008-03-23,3796.58,3941.26,3941.26,3516.33
2008-03-30,3580.15,3830.35,3840.48,3357.23
2008-04-06,3446.24,3465.91,3555.82,3271.29
2008-04-13,3492.89,3418.52,3656.96,3344.87
2008-04-20,3094.67,3419.05,3427.88,3078.17
2008-04-27,3557.75,3305.15,3658.55,2990.79
2008-05-04,3693.11,3497.38,3705.09,3453.28
2008-05-11,3613.49,3739.8,3786.02,3523.03
2008-05-18,3624.23,3548.61,3706.72,3508.32
2008-05-25,3473.09,3615.59,3632.01,3355.08
2008-06-01,3433.35,3442.29,3486.33,3333.95
2008-06-08,3329.67,3426.2,3483.61,3312.72
2008-06-15,2868.8,3202.11,3215.5,2865.5
2008-06-22,2831.74,2876.29,2945.42,2695.63
2008-06-29,2748.43,2780.15,2931.31,2723.16
2008-07-06,2669.89,2724.4,2766.8,2566.53
2008-07-13,2856.63,2673.55,2952.04,2673.55
2008-07-20,2778.37,2837.49,2896.33,2656.61
2008-07-27,2865.1,2759.88,2912.7,2745.64
2008-08-03,2801.82,2883.76,2924.45,2721.95
2008-08-10,2605.72,2782.99,2793.26,2595.92
2008-08-17,2450.61,2595.89,2601.5,2370.74
2008-08-24,2405.23,2451.78,2523.47,2284.59
2008-08-31,2397.37,2408.09,2443.99,2310.45
2008-09-07,2202.45,2380.47,2380.47,2199.36
2008-09-14,2079.67,2210.34,2220.55,2064.29
2008-09-21,2075.09,2049.81,2075.09,1802.33
2008-09-28,2293.78,2241.72,2333.28,2116.96
2008-10-12,2000.57,2267.39,2267.39,1963.18
2008-10-19,1930.65,1978.56,2146.73,1901.5
2008-10-26,1839.62,1924.18,1996.66,1825.53
2008-11-02,1728.79,1809.22,1809.22,1664.92
2008-11-09,1747.71,1713.76,1788.26,1678.96
2008-11-16,1986.44,1782.31,1987.26,1782.31
2008-11-23,1969.39,1981.26,2050.88,1883.84
2008-11-30,1871.16,1961.21,2022.48,1856.29
2008-12-07,2018.66,1865.74,2055.21,1838.1
2008-12-14,1954.21,2049.16,2100.81,1932.27
2008-12-21,2018.46,1977.03,2038.66,1907.83
2008-12-28,1851.52,2016.45,2016.45,1832.36
2009-01-04,1820.81,1846.3,1862.94,1814.75
2009-01-11,1904.86,1849.02,1948.23,1844.09
2009-01-18,1954.44,1897.7,1984.73,1861.81
2009-01-25,1990.66,1971.0,2018.51,1956.1
2009-02-08,2181.24,2008.13,2185.09,1987.13
2009-02-15,2320.79,2211.32,2323.12,2191.89
2009-02-22,2261.48,2338.76,2402.81,2190.47
2009-03-01,2082.85,2249.29,2313.59,2064.92
2009-03-08,2193.01,2066.23,2241.76,2037.02
2009-03-15,2128.85,2205.75,2232.67,2086.02
2009-03-22,2281.09,2122.41,2294.12,2108.61
2009-03-29,2374.44,2286.25,2392.77,2274.89
2009-04-05,2419.78,2377.96,2456.81,2299.16
2009-04-12,2444.23,2422.1,2449.54,2331.88
2009-04-19,2503.93,2468.08,2549.31,2464.06
2009-04-26,2448.59,2500.17,2579.22,2422.79
2009-05-03,2477.57,2443.44,2491.07,2372.34
2009-05-10,2625.64,2486.68,2634.06,2486.22
2009-05-17,2645.26,2646.29,2670.21,2558.96
2009-05-24,2597.6,2632.57,2688.11,2578.59
2009-05-31,2632.93,2555.34,2635.31,2538.62
2009-06-07,2753.89,2668.4,2791.65,2668.4
2009-06-14,2743.76,2753.34,2828.74,2721.85
2009-06-21,2880.49,2743.03,2886.5,2727.74
2009-06-28,2928.21,2900.57,2946.9,2841.9
2009-07-05,3088.37,2930.31,3088.86,2918.39
2009-07-12,3113.93,3091.48,3140.04,3011.21
2009-07-19,3189.74,3098.96,3221.07,3076.3
2009-07-26,3372.6,3203.89,3398.05,3192.9
2009-08-02,3412.06,3377.72,3454.02,3174.21
2009-08-09,3260.69,3429.69,3478.01,3244.1
2009-08-16,3046.97,3287.76,3307.89,3039.3
2009-08-23,2960.77,2994.87,3020.26,2761.39
2009-08-30,2860.69,2982.19,3004.9,2823.64
2009-09-06,2861.61,2817.63,2875.98,2639.76
2009-09-13,2989.79,2877.62,2999.33,2831.85
2009-09-20,2962.67,2990.93,3068.03,2940.83
2009-09-27,2838.84,2937.93,2982.89,2783.11
2009-10-04,2779.43,2844.37,2857.95,2712.3
2009-10-11,2911.72,2840.13,2912.55,2834.62
2009-10-18,2976.63,2927.02,3014.26,2886.96
2009-10-25,3107.85,2974.64,3123.46,2962.31
2009-11-01,2995.85,3114.29,3123.36,2952.01
2009-11-08,3164.04,2933.82,3183.57,2923.53
2009-11-15,3187.65,3162.15,3211.11,3127.5
2009-11-22,3308.35,3206.43,3332.53,3206.43
2009-11-29,3096.26,3312.97,3361.39,3080.89
2009-12-06,3317.04,3114.29,3319.13,3114.29
2009-12-13,3247.32,3313.06,3334.01,3225.56
2009-12-20,3113.89,3246.95,3315.03,3108.03
2009-12-27,3141.35,3108.07,3156.53,3039.86
2010-01-03,3277.14,3148.86,3282.21,3148.86
2010-01-10,3196.0,3289.75,3295.87,3149.02
2010-01-17,3224.15,3301.61,3306.75,3165.49
2010-01-24,3128.59,3213.64,3268.81,3062.63
2010-01-31,2989.29,3103.32,3137.0,2963.89
2010-02-07,2939.4,2981.37,3015.13,2890.02
2010-02-14,3018.13,2936.45,3018.86,2922.19
2010-02-28,3051.94,3016.7,3067.53,2938.75
2010-03-07,3031.07,3057.01,3102.4,3011.09
2010-03-14,3013.41,3036.41,3085.99,3011.97
2010-03-21,3067.75,3010.72,3069.66,2963.44
2010-03-28,3059.72,3069.66,3083.34,3009.91
2010-04-04,3157.96,3076.05,3159.6,3071.69
2010-04-11,3145.35,3170.61,3177.97,3110.26
2010-04-18,3130.3,3151.89,3181.66,3101.48
2010-04-25,2983.54,3096.78,3096.78,2941.35
2010-05-02,2870.61,2988.08,2996.83,2820.95
2010-05-09,2688.38,2821.35,2862.55,2665.81
2010-05-16,2696.63,2690.86,2751.07,2604.2
2010-05-23,2583.52,2663.88,2663.88,2481.97
2010-05-30,2655.77,2596.32,2686.54,2583.55
2010-06-06,2553.59,2647.87,2665.39,2521.06
2010-06-13,2569.94,2508.33,2590.98,2491.65
2010-06-20,2513.22,2588.97,2595.51,2505.33
2010-06-27,2552.82,2517.29,2598.35,2504.32
2010-07-04,2382.9,2550.65,2561.49,2319.74
2010-07-11,2470.92,2358.76,2485.6,2335.57
2010-07-18,2424.27,2468.54,2501.02,2389.07
2010-07-25,2572.03,2399.58,2579.52,2392.27
2010-08-01,2637.5,2576.37,2656.41,2556.47
2010-08-08,2658.39,2635.81,2681.78,2589.99
2010-08-15,2606.7,2656.36,2676.09,2564.84
2010-08-22,2642.31,2603.79,2701.93,2596.77
2010-08-29,2610.74,2637.82,2667.17,2588.64
2010-09-05,2655.39,2622.27,2662.88,2604.49
2010-09-12,2663.21,2667.2,2704.93,2628.83
2010-09-19,2598.69,2665.66,2703.78,2583.34
2010-09-26,2591.55,2601.48,2607.35,2573.63
2010-10-03,2655.66,2600.54,2656.0,2597.14
2010-10-10,2738.74,2681.25,2747.8,2677.99
2010-10-17,2971.16,2755.03,2971.16,2755.03
2010-10-24,2975.04,2985.46,3041.15,2931.91
2010-10-31,2978.83,2979.71,3073.38,2955.48
2010-11-07,3129.5,2986.89,3142.59,2986.89
2010-11-14,2985.43,3140.4,3186.72,2975.16
2010-11-21,2888.57,2984.87,3016.13,2806.64
2010-11-28,2871.7,2861.61,2904.97,2791.58
2010-12-05,2842.43,2861.15,2881.16,2758.92
2010-12-12,2841.04,2850.38,2884.53,2792.52
2010-12-19,2893.74,2850.33,2939.05,2847.66
2010-12-26,2835.16,2901.47,2917.2,2804.56
2011-01-02,2808.08,2842.81,2876.81,2721.48
2011-01-09,2838.8,2825.33,2868.01,2807.87
2011-01-16,2791.34,2832.62,2847.36,2770.34
2011-01-23,2715.29,2772.45,2780.94,2667.29
2011-01-30,2752.75,2716.52,2759.44,2661.45
2011-02-06,2798.96,2751.53,2805.05,2748.54
2011-02-13,2827.33,2778.7,2835.41,2760.18
2011-02-20,2899.79,2828.57,2939.28,2828.57
2011-02-27,2878.57,2886.54,2944.41,2839.2
2011-03-06,2942.31,2880.17,2944.46,2861.82
2011-03-13,2933.8,2952.72,3012.04,2927.68
2011-03-20,2906.89,2923.98,2939.65,2850.94
2011-03-27,2977.81,2913.91,2985.08,2884.75
2011-04-03,2967.41,2985.36,3005.78,2914.38
2011-04-10,3030.02,2964.21,3031.1,2963.9
2011-04-17,3050.53,3037.91,3062.53,2994.47
2011-04-24,3010.52,3040.53,3067.46,2992.67
2011-05-01,2911.51,3003.03,3003.61,2871.01
2011-05-08,2863.89,2911.51,2933.46,2834.46
2011-05-15,2871.03,2868.24,2897.14,2832.25
2011-05-22,2858.46,2864.38,2884.14,2821.2
2011-05-29,2709.95,2853.29,2853.29,2708.55
2011-06-05,2728.02,2704.48,2744.93,2676.54
2011-06-12,2705.14,2720.97,2754.12,2672.32
2011-06-19,2642.82,2687.65,2735.55,2641.39
2011-06-26,2746.21,2635.83,2759.71,2610.99
2011-07-03,2759.36,2746.79,2778.67,2727.25
2011-07-10,2797.77,2770.94,2825.12,2770.94
2011-07-17,2820.17,2789.45,2821.34,2752.19
2011-07-24,2770.79,2821.36,2826.96,2763.42
2011-07-31,2701.73,2759.63,2759.63,2677.12
2011-08-07,2626.42,2697.57,2712.89,2605.14
2011-08-14,2593.17,2599.29,2614.19,2437.68
2011-08-21,2534.36,2598.14,2636.36,2513.75
2011-08-28,2612.19,2534.57,2616.64,2507.78
2011-09-04,2528.28,2595.47,2615.14,2517.62
2011-09-11,2497.75,2510.1,2528.42,2459.54
2011-09-18,2482.34,2467.73,2499.48,2439.37
2011-09-25,2433.16,2469.6,2517.67,2400.14
2011-10-02,2359.22,2416.23,2441.73,2348.22
2011-10-16,2431.37,2363.08,2439.64,2318.63
2011-10-23,2317.28,2434.49,2452.99,2313.78
2011-10-30,2473.41,2322.02,2483.76,2307.15
2011-11-06,2528.29,2470.25,2536.78,2433.72
2011-11-13,2481.08,2518.9,2536.18,2472.76
2011-11-20,2416.56,2498.67,2534.06,2411.04
2011-11-27,2380.22,2416.73,2419.24,2370.69
2011-12-04,2360.66,2383.89,2423.56,2319.44
2011-12-11,2315.27,2363.11,2363.13,2302.64
2011-12-18,2224.84,2312.15,2315.81,2170.75
2011-12-25,2204.78,2208.07,2239.86,2149.42
2012-01-01,2199.42,2193.66,2213.45,2134.02
2012-01-08,2163.39,2212.0,2217.52,2132.63
2012-01-15,2244.58,2164.74,2295.22,2148.45
2012-01-22,2319.12,2230.43,2322.89,2196.12
2012-02-05,2330.4,2324.49,2336.27,2263.34
2012-02-12,2351.98,2334.25,2368.98,2278.82
2012-02-19,2357.18,2332.05,2374.28,2325.03
2012-02-26,2439.63,2383.69,2439.98,2345.05
2012-03-04,2460.69,2447.41,2478.38,2418.33
2012-03-11,2439.46,2464.85,2469.84,2388.52
2012-03-18,2404.74,2438.55,2476.22,2366.02
2012-03-25,2349.54,2401.22,2412.34,2342.12
2012-04-01,2262.79,2349.09,2363.77,2242.34
2012-04-08,2306.55,2258.03,2309.64,2251.39
2012-04-15,2359.16,2300.05,2369.7,2258.85
2012-04-22,2406.86,2346.31,2407.29,2333.34
2012-04-29,2396.32,2403.52,2415.75,2350.4
2012-05-06,2452.01,2421.08,2453.73,2407.79
2012-05-13,2394.98,2441.76,2451.95,2393.38
2012-05-20,2344.52,2408.26,2411.27,2338.24
2012-05-27,2333.55,2343.58,2378.08,2327.41
2012-06-03,2373.44,2325.32,2393.28,2309.07
2012-06-10,2281.45,2346.98,2348.2,2276.71
2012-06-17,2306.85,2282.89,2319.71,2278.16
2012-06-24,2260.88,2313.53,2325.05,2253.79
2012-07-01,2225.43,2253.51,2253.51,2188.72
2012-07-08,2223.58,2234.32,2244.83,2185.52
2012-07-15,2185.89,2210.71,2216.7,2152.67
2012-07-22,2168.64,2187.89,2197.79,2138.79
2012-07-29,2128.76,2154.17,2158.95,2120.63
2012-08-05,2132.8,2128.16,2137.74,2100.25
2012-08-12,2168.81,2129.15,2176.8,2127.26
2012-08-19,2114.89,2164.04,2164.04,2100.79
2012-08-26,2092.1,2102.23,2124.19,2089.02
2012-09-02,2047.52,2085.37,2085.37,2032.54
2012-09-09,2127.76,2044.82,2145.0,2029.05
2012-09-16,2123.85,2128.07,2140.17,2107.22
2012-09-23,2026.69,2120.62,2121.58,2018.26
2012-09-30,2086.17,2015.77,2089.63,1999.48
2012-10-14,2104.93,2084.85,2127.31,2063.09
2012-10-21,2128.3,2105.02,2137.69,2085.11
2012-10-28,2066.21,2118.52,2138.03,2058.06
2012-11-04,2117.05,2061.85,2119.22,2053.09
2012-11-11,2069.07,2113.33,2123.33,2062.42
2012-11-18,2014.72,2069.21,2079.57,2001.72
2012-11-25,2027.38,2013.25,2034.88,1995.17
2012-12-02,1980.12,2023.34,2027.27,1959.33
2012-12-09,2061.79,1977.25,2065.74,1949.46
2012-12-16,2150.63,2067.32,2152.5,2059.47
2012-12-23,2153.31,2152.1,2190.4,2142.95
2012-12-30,2233.25,2150.65,2234.87,2146.86
2013-01-06,2276.99,2236.46,2296.11,2236.46
2013-01-13,2243.0,2271.66,2295.48,2234.95
2013-01-20,2317.07,2236.29,2332.78,2235.11
2013-01-27,2291.3,2321.49,2362.94,2287.3
2013-02-03,2419.02,2295.35,2421.15,2295.35
2013-02-10,2432.4,2425.92,2443.03,2394.22
2013-02-17,2432.4,2416.62,2443.03,2414.4
2013-02-24,2314.16,2441.91,2444.8,2308.76
2013-03-03,2359.51,2320.62,2369.65,2289.89
2013-03-10,2318.61,2332.08,2352.02,2259.25
2013-03-17,2278.4,2314.68,2333.29,2250.01
2013-03-24,2328.28,2267.29,2332.0,2232.02
2013-03-31,2236.62,2334.73,2344.89,2228.81
2013-04-07,2225.3,2229.46,2253.42,2217.25
2013-04-14,2206.78,2196.24,2242.48,2180.67
2013-04-21,2244.64,2199.91,2250.11,2165.78
2013-04-28,2177.91,2236.4,2245.12,2173.86
2013-05-05,2205.5,2170.78,2222.81,2161.14
2013-05-12,2246.83,2212.49,2255.21,2212.49
2013-05-19,2282.87,2247.68,2288.09,2205.87
2013-05-26,2288.53,2286.33,2314.18,2270.25
2013-06-02,2300.59,2286.66,2334.33,2281.47
2013-06-09,2210.9,2300.21,2313.43,2205.07
2013-06-16,2162.04,2190.1,2190.1,2126.22
2013-06-23,2073.1,2165.99,2169.36,2042.88
2013-06-30,1979.21,2068.86,2068.86,1849.65
2013-07-07,2007.2,1965.99,2022.14,1957.57
2013-07-14,2039.49,1983.21,2092.87,1946.37
2013-07-21,1992.65,2046.12,2076.66,1990.25
2013-07-28,2010.85,1977.73,2051.53,1970.64
2013-08-04,2029.42,1997.84,2047.08,1965.36
2013-08-11,2052.23,2031.72,2069.56,2025.23
2013-08-18,2068.45,2058.42,2198.85,2055.72
2013-08-25,2057.46,2055.13,2098.98,2029.36
2013-09-01,2098.38,2061.42,2114.39,2056.13
2013-09-08,2139.99,2104.09,2143.24,2078.46
2013-09-15,2236.22,2151.35,2270.27,2151.35
2013-09-22,2191.85,2244.46,2248.47,2172.04
2013-09-29,2160.03,2199.36,2223.07,2149.59
2013-10-06,2174.66,2167.73,2176.3,2165.16
2013-10-13,2228.15,2171.9,2228.87,2161.49
2013-10-20,2193.78,2232.22,2242.98,2183.25
2013-10-27,2132.96,2198.11,2230.28,2122.68
2013-11-03,2149.56,2135.88,2163.66,2093.2
2013-11-10,2106.13,2156.09,2166.17,2103.51
2013-11-17,2135.83,2103.3,2153.21,2078.99
2013-11-24,2196.38,2147.37,2211.07,2143.77
2013-12-01,2220.5,2186.06,2234.39,2176.18
2013-12-08,2237.11,2203.12,2260.87,2172.63
2013-12-15,2196.07,2241.79,2250.5,2183.84
2013-12-22,2084.79,2197.23,2201.7,2082.85
2013-12-29,2101.25,2089.54,2111.81,2068.54
2014-01-05,2083.14,2108.88,2120.27,2075.9
2014-01-12,2013.3,2078.68,2078.68,2008.01
2014-01-19,2004.95,2014.98,2034.71,2000.4
2014-01-26,2054.39,2001.89,2060.99,1984.82
2014-02-02,2033.08,2044.27,2051.58,2026.99
2014-02-09,2044.5,2022.32,2044.73,2014.7
2014-02-16,2115.85,2049.98,2122.83,2049.98
2014-02-23,2113.69,2124.88,2177.98,2098.33
2014-03-02,2056.3,2099.72,2099.72,2014.38
2014-03-09,2057.91,2052.08,2079.49,2030.95
2014-03-16,2004.34,2042.35,2042.63,1974.38
2014-03-23,2047.62,2009.88,2052.47,1986.07
2014-03-30,2041.71,2050.83,2079.55,2035.24
2014-04-06,2058.83,2043.05,2066.01,2024.19
2014-04-13,2130.54,2054.53,2146.67,2052.9
2014-04-20,2097.75,2127.41,2134.43,2081.18
2014-04-27,2036.52,2085.98,2103.08,2035.57
2014-05-04,2026.36,2033.34,2035.99,1997.64
2014-05-11,2011.13,2022.18,2038.7,2001.3
2014-05-18,2026.5,2022.93,2061.06,2012.69
2014-05-25,2034.57,2023.01,2041.96,1991.06
2014-06-01,2039.21,2042.03,2057.08,2029.34
2014-06-08,2029.96,2039.2,2049.58,2012.91
2014-06-15,2070.71,2024.94,2073.6,2023.2
2014-06-22,2026.67,2070.7,2087.32,2010.53
2014-06-29,2036.51,2026.23,2043.98,2018.36
2014-07-06,2059.37,2038.61,2066.64,2038.53
2014-07-13,2046.96,2058.13,2064.43,2033.0
2014-07-20,2059.07,2047.74,2075.49,2044.9
2014-07-27,2126.61,2057.77,2127.22,2049.18
2014-08-03,2185.3,2135.25,2218.79,2135.25
2014-08-10,2194.42,2190.04,2226.84,2180.6
2014-08-17,2226.73,2199.43,2230.99,2198.31
2014-08-24,2240.81,2229.8,2248.94,2211.63
2014-08-31,2217.2,2241.1,2241.55,2193.26
2014-09-07,2326.43,2220.13,2327.56,2217.68
2014-09-14,2331.95,2328.43,2343.59,2302.77
2014-09-21,2329.45,2330.19,2347.93,2282.79
2014-09-28,2347.72,2323.55,2365.15,2284.38
2014-10-05,2363.87,2353.71,2365.49,2346.58
2014-10-12,2374.54,2368.58,2391.35,2354.29
2014-10-19,2341.18,2366.43,2389.67,2312.83
2014-10-26,2302.28,2346.05,2361.65,2296.66
2014-11-02,2420.18,2293.57,2423.6,2279.84
2014-11-09,2418.17,2425.22,2454.42,2401.75
2014-11-16,2478.82,2436.63,2508.62,2428.19
2014-11-23,2486.79,2506.86,2508.77,2437.48
2014-11-30,2682.83,2505.53,2683.18,2495.52
2014-12-07,2937.65,2691.72,2978.03,2665.69
2014-12-14,2938.17,2907.82,3091.32,2807.68
2014-12-21,3108.6,2921.45,3117.53,2890.9
2014-12-28,3157.6,3129.27,3189.87,2934.91
2015-01-04,3234.68,3212.56,3239.36,3126.94
2015-01-11,3285.41,3258.63,3404.83,3253.88
2015-01-18,3376.49,3258.21,3400.32,3191.58
2015-01-25,3351.76,3189.73,3406.79,3095.07
2015-02-01,3210.36,3347.26,3390.22,3210.31
2015-02-08,3075.91,3148.14,3251.21,3052.94
2015-02-15,3203.83,3063.51,3237.16,3049.11
2015-02-22,3246.91,3206.14,3255.73,3195.88
2015-03-01,3310.3,3256.48,3324.55,3202.19
2015-03-08,3241.19,3332.72,3336.76,3221.67
2015-03-15,3372.91,3224.31,3391.26,3198.37
2015-03-22,3617.32,3391.16,3632.34,3377.09
2015-03-29,3691.1,3640.1,3715.87,3600.7
2015-04-05,3863.93,3710.61,3864.4,3710.61
2015-04-12,4034.31,3899.42,4040.35,3891.73
2015-04-19,4287.3,4072.72,4317.22,4031.24
2015-04-26,4393.69,4301.35,4444.41,4188.57
2015-05-03,4441.66,4441.93,4572.39,4398.64
2015-05-10,4205.92,4441.34,4488.87,4099.04
2015-05-17,4308.69,4231.27,4415.63,4187.82
2015-05-24,4657.6,4277.89,4658.27,4260.51
2015-05-31,4611.74,4660.07,4986.5,4431.56
2015-06-07,5023.1,4633.1,5051.63,4615.23
2015-06-14,5166.35,5045.69,5178.19,4997.48
2015-06-21,4478.36,5174.42,5176.79,4476.5
2015-06-28,4192.87,4471.61,4720.7,4139.53
2015-07-05,3686.92,4289.77,4317.05,3629.56
2015-07-12,3877.8,3975.21,3975.21,3373.54
2015-07-19,3957.35,3918.99,4035.43,3688.44
2015-07-26,4070.91,3948.42,4184.45,3912.8
2015-08-02,3663.73,3985.57,4051.16,3537.36
2015-08-09,3744.2,3614.99,3782.35,3549.5
2015-08-16,3965.33,3786.03,4000.68,3775.85
2015-08-23,3507.74,3947.84,4006.34,3490.54
2015-08-30,3232.35,3373.48,3388.36,2850.71
2015-09-06,3160.17,3203.56,3207.86,3019.09
2015-09-13,3200.23,3149.38,3256.74,3011.12
2015-09-20,3097.92,3221.17,3229.48,2983.54
2015-09-27,3092.35,3072.09,3213.48,3060.86
2015-10-04,3052.78,3085.57,3103.07,3021.16
2015-10-11,3183.15,3156.07,3192.72,3133.13
2015-10-18,3391.35,3193.54,3393.02,3188.41
2015-10-25,3412.43,3401.63,3447.26,3265.44
2015-11-01,3382.56,3448.65,3457.52,3332.62
2015-11-08,3590.03,3337.58,3596.38,3302.18
2015-11-15,3580.84,3588.5,3673.76,3564.81
2015-11-22,3630.5,3522.46,3678.27,3519.42
2015-11-29,3436.3,3630.87,3668.38,3412.43
2015-12-06,3524.99,3433.86,3591.73,3327.81
2015-12-13,3434.58,3529.81,3543.95,3410.92
2015-12-20,3578.96,3403.51,3614.7,3399.28
2015-12-27,3627.91,3568.58,3684.57,3565.75
2016-01-03,3539.18,3635.77,3641.59,3515.52
2016-01-10,3186.41,3536.59,3538.69,3056.88
2016-01-17,2900.97,3131.85,3166.22,2867.55
2016-01-24,2916.56,2847.54,3016.28,2844.7
2016-01-31,2737.6,2934.08,2955.78,2638.3
2016-02-07,2763.49,2730.98,2793.3,2655.62
2016-02-21,2860.02,2684.96,2893.21,2682.09
2016-02-28,2767.21,2888.6,2933.96,2715.87
2016-03-06,2874.15,2754.81,2880.37,2638.96
2016-03-13,2810.31,2886.64,2911.84,2772.55
2016-03-20,2955.15,2830.08,2971.55,2819.79
2016-03-27,2979.43,2978.46,3028.32,2952.11
2016-04-03,3009.53,2988.01,3023.41,2905.25
2016-04-10,2984.96,3000.94,3062.36,2960.46
2016-04-17,3078.12,3006.91,3097.16,3001.32
2016-04-24,2959.24,3058.46,3058.46,2905.05
2016-05-01,2938.32,2949.97,2976.02,2916.37
2016-05-08,2913.25,2940.39,3004.42,2913.04
2016-05-15,2827.11,2896.16,2896.16,2781.24
2016-05-22,2825.48,2816.78,2860.32,2781.42
2016-05-29,2821.05,2826.31,2848.07,2780.76
2016-06-05,2938.68,2814.65,2945.52,2794.66
2016-06-12,2927.16,2940.99,2945.94,2908.37
2016-06-19,2885.11,2897.27,2911.16,2811.78
2016-06-26,2854.29,2887.64,2919.3,2807.6
2016-07-03,2932.48,2840.56,2944.99,2840.28
2016-07-10,2988.09,2924.29,3024.11,2922.52
2016-07-17,3054.3,2993.75,3069.05,2984.42
2016-07-24,3012.82,3047.64,3058.32,3007.46
2016-07-31,2979.34,3008.09,3057.42,2939.23
2016-08-07,2976.7,2971.95,2991.68,2931.96
2016-08-14,3050.67,2972.62,3051.05,2959.05
2016-08-21,3108.1,3056.48,3140.44,3053.87
2016-08-28,3070.31,3107.38,3112.74,3041.51
2016-09-04,3067.35,3068.46,3088.7,3050.49
2016-09-11,3078.85,3070.71,3105.68,3053.19
2016-09-18,3002.85,3037.51,3040.95,2995.42
2016-09-25,3033.9,3005.32,3054.44,3005.32
2016-10-02,3004.7,3028.24,3028.24,2969.13
2016-10-16,3063.81,3020.46,3066.1,3014.62
2016-10-23,3090.94,3064.69,3101.85,3033.75
2016-10-30,3104.27,3092.05,3137.03,3090.79
2016-11-06,3125.32,3097.19,3141.33,3081.07
2016-11-13,3196.04,3124.89,3202.74,3096.95
2016-11-20,3192.86,3187.71,3221.46,3186.8
2016-11-27,3261.94,3188.5,3262.88,3188.28
2016-12-04,3243.84,3270.05,3301.21,3235.28
2016-12-11,3232.88,3203.78,3244.8,3189.49
2016-12-18,3122.98,3233.67,3245.09,3100.91
2016-12-25,3110.15,3120.7,3143.17,3084.8
2017-01-01,3103.64,3095.58,3127.88,3068.41
2017-01-08,3154.32,3105.31,3172.03,3105.31
2017-01-15,3112.76,3148.53,3174.58,3102.16
2017-01-22,3123.14,3104.49,3125.66,3044.29
2017-01-29,3159.17,3125.42,3163.1,3125.42
2017-02-05,3140.17,3160.08,3162.68,3136.01
2017-02-12,3196.7,3143.09,3205.05,3132.03
2017-02-19,3202.08,3198.99,3238.4,3198.99
2017-02-26,3253.43,3198.96,3264.08,3198.96
2017-03-05,3218.31,3249.19,3259.98,3206.61
2017-03-12,3212.76,3217.33,3245.3,3205.28
2017-03-19,3237.45,3209.45,3274.19,3193.16
2017-03-26,3269.45,3241.11,3275.21,3221.93
2017-04-02,3222.51,3268.92,3283.24,3195.85
2017-04-09,3286.62,3235.66,3295.19,3233.24
2017-04-16,3246.07,3285.46,3290.39,3238.9
2017-04-23,3173.15,3229.95,3229.95,3147.07
2017-04-30,3154.66,3164.25,3164.25,3097.33
2017-05-07,3103.04,3147.23,3154.78,3092.09
2017-05-14,3083.51,3090.07,3093.45,3016.53
2017-05-21,3090.63,3085.93,3119.58,3060.53
2017-05-28,3110.06,3087.17,3120.66,3022.3
2017-06-04,3105.54,3125.33,3143.28,3081.85
2017-06-11,3158.4,3102.11,3165.92,3078.79
2017-06-18,3123.17,3149.53,3164.95,3117.08
2017-06-25,3157.87,3122.16,3186.98,3118.09
2017-07-02,3192.43,3157.0,3193.46,3156.98
2017-07-09,3217.96,3192.0,3219.52,3174.31
2017-07-16,3222.42,3208.46,3226.91,3177.93
2017-07-23,3237.98,3219.79,3247.71,3139.5
2017-07-30,3253.24,3230.9,3264.85,3220.64
2017-08-06,3262.08,3252.75,3305.43,3251.19
2017-08-13,3208.54,3257.67,3285.48,3200.75
2017-08-20,3268.72,3206.04,3275.08,3206.04
2017-08-27,3331.52,3274.58,3331.91,3266.36
2017-09-03,3367.12,3336.13,3381.93,3336.13
2017-09-10,3365.24,3369.72,3391.01,3353.69
2017-09-17,3353.62,3365.35,3391.64,3345.33
2017-09-24,3352.53,3352.51,3377.88,3334.98
2017-10-01,3348.94,3344.59,3357.02,3332.6
2017-10-15,3390.52,3403.25,3410.17,3358.8
2017-10-22,3378.65,3393.21,3400.51,3359.63
2017-10-29,3416.81,3382.28,3421.1,3374.12
2017-11-05,3371.74,3413.87,3419.73,3347.36
2017-11-12,3432.67,3369.68,3438.79,3356.53
2017-11-19,3382.91,3435.18,3450.49,3373.3
2017-11-26,3353.82,3361.36,3442.18,3328.33
2017-12-03,3317.62,3346.66,3347.05,3300.78
2017-12-10,3289.99,3310.38,3324.0,3254.61
2017-12-17,3266.14,3290.49,3322.67,3259.39
2017-12-24,3297.06,3268.03,3309.22,3254.18
2017-12-31,3307.17,3296.21,3312.3,3263.73
2018-01-07,3391.75,3314.03,3402.07,3314.03
2018-01-14,3428.94,3391.55,3435.42,3384.56
2018-01-21,3487.86,3428.95,3498.43,3401.96
2018-01-28,3558.13,3476.99,3574.9,3475.67
2018-02-04,3462.08,3563.64,3587.03,3388.86
2018-02-11,3129.85,3411.67,3487.72,3062.74
2018-02-18,3199.16,3128.37,3219.22,3113.61
2018-02-25,3289.02,3237.57,3294.13,3234.12
2018-03-04,3254.53,3307.3,3335.99,3228.58
2018-03-11,3307.17,3255.87,3309.72,3236.72
2018-03-18,3269.88,3319.21,3333.88,3269.28
2018-03-25,3152.76,3264.93,3314.21,3110.66
2018-04-01,3168.9,3117.32,3177.72,3091.46
2018-04-08,3131.11,3169.78,3192.34,3119.13
2018-04-15,3159.05,3125.44,3220.85,3110.3
2018-04-22,3071.54,3152.89,3153.11,3041.62
2018-04-29,3082.23,3063.44,3136.04,3045.94
2018-05-06,3091.03,3087.41,3105.66,3056.16
2018-05-13,3163.26,3094.9,3180.76,3091.66
2018-05-20,3193.3,3167.04,3193.45,3144.78
2018-05-27,3141.3,3206.18,3219.74,3131.07
2018-06-03,3075.14,3136.81,3149.66,3041.0
2018-06-10,3067.15,3083.43,3128.72,3053.29
2018-06-17,3021.9,3057.34,3081.45,3008.73
2018-06-24,2889.76,2982.65,2984.97,2837.14
2018-07-01,2847.42,2903.45,2908.62,2782.38
2018-07-08,2747.23,2841.58,2845.68,2691.02
2018-07-15,2831.18,2752.45,2844.19,2752.43
2018-07-22,2829.27,2827.08,2837.86,2753.84
2018-07-29,2873.59,2815.2,2915.3,2809.62
2018-08-05,2740.44,2871.94,2897.4,2726.48
2018-08-12,2795.31,2736.53,2806.11,2692.32
2018-08-19,2668.97,2769.02,2789.8,2665.59
2018-08-26,2729.43,2673.07,2748.82,2653.11
2018-09-02,2725.25,2736.32,2791.39,2710.54
2018-09-09,2702.3,2716.4,2756.61,2683.72
2018-09-16,2681.64,2698.01,2703.43,2647.17
2018-09-23,2797.48,2671.29,2797.49,2644.3
2018-09-30,2821.35,2775.07,2827.34,2771.16
2018-10-14,2606.91,2768.21,2771.94,2536.67
2018-10-21,2550.47,2605.91,2611.97,2449.2
2018-10-28,2598.85,2565.64,2675.41,2531.53
2018-11-04,2676.48,2593.59,2676.48,2521.78
2018-11-11,2598.87,2665.43,2675.68,2598.16
2018-11-18,2679.11,2593.2,2695.57,2590.21
2018-11-25,2579.48,2681.9,2703.51,2577.35
2018-12-02,2588.19,2580.84,2617.55,2555.32
2018-12-09,2605.89,2647.13,2666.08,2599.28
2018-12-16,2593.74,2589.19,2645.84,2576.24
2018-12-23,2516.25,2587.26,2599.15,2498.69
2018-12-30,2493.9,2506.74,2532.0,2462.84
2019-01-06,2514.87,2497.88,2515.32,2440.91
2019-01-13,2553.83,2528.7,2574.41,2515.51
2019-01-20,2596.01,2553.33,2598.88,2532.43
2019-01-27,2601.72,2599.06,2618.98,2569.7
2019-02-03,2618.23,2615.71,2630.32,2559.98
2019-02-17,2682.39,2613.17,2729.45,2613.17
2019-02-24,2804.23,2699.82,2804.23,2699.82
2019-03-03,2994.01,2838.39,2997.49,2838.39
2019-03-10,2969.86,3015.94,3129.94,2969.58
2019-03-17,3021.75,2969.08,3093.39,2963.58
2019-03-24,3104.15,3027.8,3125.02,3009.51
2019-03-31,3090.76,3058.8,3093.03,2987.77
2019-04-07,3246.57,3111.66,3254.14,3111.66
2019-04-14,3188.63,3271.27,3288.45,3168.04
2019-04-21,3270.8,3233.46,3275.33,3153.21
2019-04-28,3086.4,3278.49,3279.49,3085.8
2019-05-05,3078.34,3090.63,3107.76,3050.03
2019-05-12,2939.21,2984.73,2986.54,2838.38
2019-05-19,2882.3,2905.07,2956.78,2872.83
2019-05-26,2852.99,2874.8,2919.24,2838.45
2019-06-02,2898.7,2851.28,2934.98,2833.04
2019-06-09,2827.8,2901.74,2920.83,2822.19
2019-06-16,2881.97,2833.01,2927.43,2824.36
2019-06-23,3001.98,2880.42,3010.35,2874.31
2019-06-30,2978.88,3004.29,3012.83,2948.99
2019-07-07,3011.06,3024.62,3048.48,2990.92
2019-07-14,2930.55,2997.81,2997.81,2905.81
2019-07-21,2924.2,2921.55,2955.0,2886.7
2019-07-28,2944.54,2925.79,2948.33,2879.69
2019-08-04,2867.84,2943.92,2965.63,2851.44
2019-08-11,2774.75,2854.58,2863.69,2733.92
2019-08-18,2823.82,2781.98,2840.32,2756.83
2019-08-25,2897.43,2835.52,2902.46,2829.85
2019-09-01,2886.24,2851.02,2919.64,2849.24
2019-09-08,2999.6,2886.94,3015.84,2883.68
2019-09-15,3031.24,3023.78,3033.47,3004.22
2019-09-22,3006.45,3041.92,3042.93,2970.57
2019-09-29,2932.17,2998.4,3002.9,2920.93
2019-10-06,2905.19,2927.92,2936.48,2905.19
2019-10-13,2973.66,2905.76,2980.79,2891.54
2019-10-20,2938.14,2993.96,3026.38,2933.24
2019-10-27,2954.93,2933.9,2958.24,2917.69
2019-11-03,2958.2,2958.69,2980.13,2917.15
2019-11-10,2964.18,2964.58,3008.31,2962.84
2019-11-17,2891.34,2949.96,2949.96,2891.2
2019-11-24,2885.29,2889.55,2933.99,2873.99
2019-12-01,2871.98,2885.61,2915.04,2858.58
2019-12-08,2912.01,2874.45,2912.01,2857.32
2019-12-15,2967.68,2914.46,2969.98,2902.79
2019-12-22,3004.94,2970.97,3039.38,2958.71
2019-12-29,3005.04,2999.04,3036.11,2960.43
2020-01-05,3083.79,2998.17,3098.1,2983.34
2020-01-12,3092.29,3070.91,3107.2,3059.13
2020-01-19,3075.5,3091.49,3127.17,3067.25
2020-01-26,2976.53,3082.11,3096.31,2955.35
2020-02-09,2875.96,2716.7,2876.59,2685.27
2020-02-16,2917.01,2860.5,2935.41,2851.05
2020-02-23,3039.67,2924.99,3058.9,2924.99
2020-03-01,2880.3,3027.89,3042.18,2878.54
2020-03-08,3034.51,2899.31,3074.26,2899.31
2020-03-15,2887.43,2987.18,3010.03,2799.98
2020-03-22,2745.62,2897.3,2898.03,2646.8
2020-03-29,2772.2,2677.59,2805.55,2656.5
2020-04-05,2763.99,2739.72,2780.64,2719.9
2020-04-12,2796.63,2806.97,2833.01,2789.98
2020-04-19,2838.49,2784.6,2854.96,2774.08
2020-04-26,2808.53,2840.41,2853.64,2802.5
2020-05-03,2860.08,2812.24,2865.59,2758.25
2020-05-10,2895.34,2831.63,2903.8,2830.65
2020-05-17,2868.46,2901.57,2914.28,2863.37
2020-05-24,2813.77,2872.52,2900.22,2808.02
2020-05-31,2852.35,2816.24,2861.92,2802.47
2020-06-07,2930.8,2871.96,2942.76,2871.96
2020-06-14,2919.74,2941.98,2957.12,2872.62
2020-06-21,2967.63,2908.28,2973.32,2890.03
2020-06-28,2979.55,2966.9,2983.44,2949.85
2020-07-05,3152.81,2973.08,3152.81,2951.77
2020-07-12,3383.32,3187.84,3456.97,3187.84
2020-07-19,3214.13,3379.39,3458.79,3181.27
2020-07-26,3196.77,3243.91,3381.98,3184.96
2020-08-02,3310.01,3210.39,3333.79,3174.66
2020-08-09,3354.04,3332.18,3392.7,3307.71
2020-08-16,3360.1,3341.53,3409.06,3263.27
2020-08-23,3380.68,3373.9,3456.72,3352.78
2020-08-30,3403.81,3391.11,3408.87,3312.99
2020-09-06,3355.37,3416.55,3442.74,3328.55
2020-09-13,3260.35,3349.92,3368.24,3220.54
2020-09-20,3338.09,3275.92,3338.32,3248.5
2020-09-27,3219.42,3348.9,3350.59,3208.03
2020-10-04,3218.05,3224.98,3244.91,3202.34
2020-10-11,3272.08,3262.61,3280.51,3260.19
2020-10-18,3336.36,3287.33,3361.83,3286.11
2020-10-25,3278.0,3351.1,3371.09,3276.62
2020-11-01,3224.53,3258.7,3289.77,3219.42
2020-11-08,3312.16,3228.72,3326.46,3209.91
2020-11-15,3310.1,3329.43,3387.62,3291.64
2020-11-22,3377.73,3325.62,3380.15,3313.65
2020-11-29,3408.31,3384.1,3431.65,3344.28
2020-12-06,3444.58,3418.16,3465.73,3386.91
2020-12-13,3347.19,3446.65,3449.58,3325.17
2020-12-20,3394.9,3349.53,3413.81,3338.63
2020-12-27,3396.56,3394.39,3423.61,3348.35
2021-01-03,3473.07,3396.36,3474.92,3374.42
2021-01-10,3570.11,3474.68,3588.06,3457.21
2021-01-17,3566.38,3571.32,3622.35,3516.99
2021-01-24,3606.75,3554.8,3636.24,3544.26
2021-01-31,3483.07,3605.36,3637.1,3446.55
2021-02-07,3496.33,3477.17,3544.01,3465.77
2021-02-14,3655.09,3504.56,3662.77,3492.13
2021-02-21,3696.17,3721.09,3731.69,3634.01
2021-02-28,3509.08,3707.19,3717.27,3500.7
2021-03-07,3501.99,3531.48,3577.62,3456.67
2021-03-14,3453.08,3524.98,3542.3,3328.31
2021-03-21,3404.66,3441.88,3478.14,3389.29
2021-03-28,3418.33,3406.12,3445.42,3344.97
2021-04-04,3484.39,3429.63,3487.59,3409.89
2021-04-11,3450.68,3491.63,3495.91,3442.14
2021-04-18,3426.62,3445.97,3456.16,3373.09
2021-04-25,3474.17,3427.55,3494.3,3414.36
2021-05-02,3446.86,3484.11,3497.12,3417.26
2021-05-09,3418.87,3446.07,3471.24,3416.78
2021-05-16,3490.38,3423.59,3490.64,3384.7
2021-05-23,3486.56,3490.41,3530.51,3479.67
2021-05-30,3600.78,3486.27,3626.36,3469.87
2021-06-06,3591.84,3600.07,3629.29,3561.89
2021-06-13,3589.75,3597.14,3624.34,3563.25
2021-06-20,3525.1,3587.47,3592.95,3503.18
2021-06-27,3607.56,3515.5,3614.3,3504.01
2021-07-04,3518.76,3612.25,3614.36,3514.34
2021-07-11,3524.09,3516.92,3558.68,3485.05
2021-07-18,3539.3,3545.2,3567.48,3514.26
2021-07-25,3550.4,3530.49,3576.47,3506.34
2021-08-01,3397.36,3538.01,3538.01,3312.72
2021-08-08,3458.23,3385.69,3486.16,3367.64
2021-08-15,3516.3,3441.75,3544.09,3438.7
2021-08-22,3427.33,3514.34,3537.85,3394.97
2021-08-29,3522.16,3436.8,3540.39,3436.67
2021-09-05,3581.73,3535.07,3613.95,3496.39
2021-09-12,3703.11,3580.14,3722.87,3580.14
2021-09-19,3613.97,3699.25,3723.85,3569.27
2021-09-26,3613.07,3563.21,3670.95,3560.5
2021-10-03,3568.17,3625.96,3640.81,3518.05
2021-10-10,3592.17,3609.09,3612.55,3571.73
2021-10-17,3572.37,3600.36,3614.7,3515.14
2021-10-24,3582.6,3571.05,3610.96,3539.48
2021-10-31,3547.34,3574.26,3625.02,3502.8
2021-11-07,3491.57,3530.4,3559.05,3477.66
2021-11-14,3539.1,3491.97,3543.65,3448.44
2021-11-21,3560.37,3542.9,3561.91,3513.11
2021-11-28,3564.09,3562.76,3602.74,3554.88
2021-12-05,3607.43,3528.67,3608.47,3526.35
2021-12-12,3666.35,3615.24,3688.4,3572.57
2021-12-19,3632.36,3686.94,3708.94,3631.66
2021-12-26,3618.05,3620.04,3648.96,3589.36
2022-01-02,3639.78,3613.05,3642.84,3595.5
2022-01-09,3579.54,3649.15,3651.89,3559.88
2022-01-16,3521.26,3572.74,3602.15,3519.32
2022-01-23,3522.57,3522.09,3579.31,3514.89
2022-01-30,3361.44,3508.24,3531.61,3356.56
2022-02-13,3462.95,3407.76,3500.15,3390.46
2022-02-20,3490.76,3451.85,3490.76,3415.45
2022-02-27,3451.41,3488.41,3492.2,3400.21
2022-03-06,3447.65,3450.32,3500.29,3425.52
2022-03-13,3309.75,3438.56,3438.56,3147.68
2022-03-20,3251.07,3271.89,3297.8,3023.3
2022-03-27,3212.24,3255.62,3279.89,3211.64
2022-04-03,3282.72,3185.17,3287.23,3159.83
2022-04-10,3251.85,3269.43,3290.26,3208.35
2022-04-17,3211.24,3239.85,3240.0,3140.9
2022-04-24,3086.92,3185.94,3207.83,3049.36
2022-05-01,3047.06,3034.27,3048.49,2863.65
2022-05-08,3001.56,3044.85,3082.23,2992.72
2022-05-15,3084.28,2990.2,3100.9,2957.4
2022-05-22,3146.57,3100.55,3146.57,3042.67
2022-05-29,3130.24,3150.49,3153.13,3069.95
2022-06-05,3195.46,3141.96,3197.28,3123.15
2022-06-12,3284.83,3196.96,3286.62,3181.65
2022-06-19,3316.79,3256.27,3358.55,3195.82
2022-06-26,3349.75,3315.78,3356.71,3262.29
2022-07-03,3387.64,3364.0,3417.01,3358.47
2022-07-10,3356.08,3381.82,3424.84,3332.31
2022-07-17,3228.06,3341.1,3341.1,3228.06
2022-07-24,3269.97,3235.09,3308.35,3226.23
2022-07-31,3253.24,3269.71,3305.71,3243.03
2022-08-07,3227.03,3246.62,3264.3,3155.19
2022-08-14,3276.89,3218.85,3288.22,3214.08
2022-08-21,3258.08,3268.37,3296.0,3258.06
2022-08-28,3236.22,3249.7,3284.6,3199.12
2022-09-04,3186.48,3203.1,3243.75,3173.79
2022-09-11,3262.05,3183.95,3266.2,3172.04
2022-09-18,3126.4,3272.05,3278.17,3126.4
2022-09-25,3088.37,3122.75,3140.03,3072.24
2022-10-02,3024.39,3067.57,3102.65,3021.93
2022-10-16,3071.99,3026.94,3084.27,2934.09
2022-10-23,3038.93,3060.52,3099.92,3013.69
2022-10-30,2915.93,3034.75,3064.42,2908.98
2022-11-06,3070.8,2893.2,3081.59,2885.09
2022-11-13,3087.29,3062.86,3117.74,3022.85
2022-11-20,3097.24,3100.87,3145.75,3074.5
2022-11-27,3101.69,3078.06,3118.12,3056.17
2022-12-04,3156.14,3055.29,3198.41,3034.7
2022-12-11,3206.95,3181.92,3226.08,3177.06
2022-12-18,3167.86,3195.87,3196.72,3151.61
2022-12-25,3045.87,3165.31,3170.26,3031.54
2023-01-01,3089.26,3048.2,3098.65,3047.35
2023-01-08,3156.98,3087.51,3157.93,3073.05
